annotation_schema_version,annotation_id,doc_id,relative_path,statement_type,line_start,line_end,row_count,column_count,unit_normalized,expected_periods,notes
1,ann_a4e6e2cb1ac6101926fc0897dceac2a23da9236dd500c9ed823539e8abe591a6,doc_093e3bb0526e15c46ba11ea083bab55cce91a16523a9a9965ca5dba89fe925ad,GEG/2016/GEG_financial_statements_2016_consolidated/GEG_financial_statements_2016_consolidated_extracted.txt,balance_sheet,1005,1005,25,6,,,auto-mapped
1,ann_6bb7cb80e6206c14feeee10d2067c2fe508432b7e46a887f032873cf39a05ffa,doc_093e3bb0526e15c46ba11ea083bab55cce91a16523a9a9965ca5dba89fe925ad,GEG/2016/GEG_financial_statements_2016_consolidated/GEG_financial_statements_2016_consolidated_extracted.txt,income_statement,1053,1053,6,3,,,auto-mapped
1,ann_f40b553305f88ab6972c4cdb4c7c469612c92714629bae02ca876ad01e1b0243,doc_093e3bb0526e15c46ba11ea083bab55cce91a16523a9a9965ca5dba89fe925ad,GEG/2016/GEG_financial_statements_2016_consolidated/GEG_financial_statements_2016_consolidated_extracted.txt,cash_flow_statement,1089,1089,5,3,,,auto-mapped
1,ann_c714245b30b12251a5904ebaeaeb64ceb6aca1818fc2fd5ee1d5c81331ad1435,doc_093e3bb0526e15c46ba11ea083bab55cce91a16523a9a9965ca5dba89fe925ad,GEG/2016/GEG_financial_statements_2016_consolidated/GEG_financial_statements_2016_consolidated_extracted.txt,cash_flow_statement,1113,1113,7,3,,,auto-mapped
1,ann_e3eb4bfa17dbae05d0ee13a386993b73ef80f3e480296b31c5d72315b68a2619,doc_09fe4f39e4c380fc780b81b00517af4ec7f4a9384ec31f2bc67ab57eee9808fd,VIC/2017/VIC_financial_statements_2017_separate/VIC_financial_statements_2017_separate_extracted.txt,balance_sheet,199,199,19,5,VND,,auto-mapped
1,ann_3b814046e22497201a6ed8be695f86c120e42cc92846569f9089b59399399648,doc_09fe4f39e4c380fc780b81b00517af4ec7f4a9384ec31f2bc67ab57eee9808fd,VIC/2017/VIC_financial_statements_2017_separate/VIC_financial_statements_2017_separate_extracted.txt,balance_sheet,216,216,27,5,VND,,auto-mapped
1,ann_ac5a4b0e168ae790dd6ec1983b77586f633bedce64c4946f96c09d6a525a03cc,doc_09fe4f39e4c380fc780b81b00517af4ec7f4a9384ec31f2bc67ab57eee9808fd,VIC/2017/VIC_financial_statements_2017_separate/VIC_financial_statements_2017_separate_extracted.txt,income_statement,248,248,11,5,VND,,auto-mapped
1,ann_3ff00b7c5e939dfc144bb726d89b12628935835ad6ade59bebd1ed4c058bf346,doc_09fe4f39e4c380fc780b81b00517af4ec7f4a9384ec31f2bc67ab57eee9808fd,VIC/2017/VIC_financial_statements_2017_separate/VIC_financial_statements_2017_separate_extracted.txt,income_statement,279,279,15,5,VND,,auto-mapped
1,ann_4542af2d5ed4518df3357140f7976310ac1c6051ae871a61dd5ad489cdfd304a,doc_09fe4f39e4c380fc780b81b00517af4ec7f4a9384ec31f2bc67ab57eee9808fd,VIC/2017/VIC_financial_statements_2017_separate/VIC_financial_statements_2017_separate_extracted.txt,income_statement,294,294,5,5,VND,,auto-mapped
1,ann_704240681dd4297be3d62cdc65bb83ec06e4d9c1916c934496ade851d0ed19ad,doc_09fe4f39e4c380fc780b81b00517af4ec7f4a9384ec31f2bc67ab57eee9808fd,VIC/2017/VIC_financial_statements_2017_separate/VIC_financial_statements_2017_separate_extracted.txt,cash_flow_statement,325,325,25,5,VND,,auto-mapped
1,ann_e19aaf273c7223acb3c2baefafa9027c74ce06fd913f12a5c39467b4c7e7b849,doc_09fe4f39e4c380fc780b81b00517af4ec7f4a9384ec31f2bc67ab57eee9808fd,VIC/2017/VIC_financial_statements_2017_separate/VIC_financial_statements_2017_separate_extracted.txt,cash_flow_statement,342,342,9,5,VND,,auto-mapped
1,ann_48f91f273bc962d00d41c5aa0256775f3e4b192b1b7735d3ea12d864cc3fe633,doc_11f4c95ef793da898aa63db21c4c671cddca9f952887f64b5a128b64cbd467a3,HSG/2016/HSG_financial_statements_2016_consolidated/HSG_financial_statements_2016_consolidated_extracted.txt,balance_sheet,1188,1188,15,9,,,auto-mapped
1,ann_23c802847bea389a35b16765e9fecfb883dc8daccd7498fcfa0c9cc21bddd9d3,doc_11f4c95ef793da898aa63db21c4c671cddca9f952887f64b5a128b64cbd467a3,HSG/2016/HSG_financial_statements_2016_consolidated/HSG_financial_statements_2016_consolidated_extracted.txt,income_statement,1215,1215,8,3,,,auto-mapped
1,ann_54aa8aa01c54fe3a0d5674959bc2b24b0e4e95963fb062971df2a9783ce73078,doc_11f4c95ef793da898aa63db21c4c671cddca9f952887f64b5a128b64cbd467a3,HSG/2016/HSG_financial_statements_2016_consolidated/HSG_financial_statements_2016_consolidated_extracted.txt,cash_flow_statement,1290,1290,12,3,,,auto-mapped
1,ann_d2e3ebbe4982222309d36134de441d77003b6bfc5f965869fe58b2e9bd0eb724,doc_11f4c95ef793da898aa63db21c4c671cddca9f952887f64b5a128b64cbd467a3,HSG/2016/HSG_financial_statements_2016_consolidated/HSG_financial_statements_2016_consolidated_extracted.txt,cash_flow_statement,1294,1294,7,3,,,auto-mapped
1,ann_0ed91b9852fddb6ca319e763cd8f3e38a9c66495bda88a567983cd17ba17310d,doc_1c9c473cfa58482e1ef452e5092999b2792fec285a1ad45681cd4354c37f4976,IJC/2017/IJC_financial_statements_2017_separate/IJC_financial_statements_2017_separate_extracted.txt,balance_sheet,333,333,27,5,VND,,auto-mapped
1,ann_ea27d019610fe2182c3258332161c0d9c15ba6d3a2b6bba487843b9c7316c83a,doc_1c9c473cfa58482e1ef452e5092999b2792fec285a1ad45681cd4354c37f4976,IJC/2017/IJC_financial_statements_2017_separate/IJC_financial_statements_2017_separate_extracted.txt,balance_sheet,348,348,38,6,,,auto-mapped
1,ann_15f7fce4b07d981eb7e8eb61ac49b6ad6242fd9bb1d95cf0eb9e580b6cf71cbf,doc_1c9c473cfa58482e1ef452e5092999b2792fec285a1ad45681cd4354c37f4976,IJC/2017/IJC_financial_statements_2017_separate/IJC_financial_statements_2017_separate_extracted.txt,balance_sheet,378,378,23,6,,,auto-mapped
1,ann_ce9bfe154407a3d5e467c9268e1a3ec0cf1cdcb6fedae7a87f600e10cedda58e,doc_1c9c473cfa58482e1ef452e5092999b2792fec285a1ad45681cd4354c37f4976,IJC/2017/IJC_financial_statements_2017_separate/IJC_financial_statements_2017_separate_extracted.txt,balance_sheet,441,441,8,6,,,auto-mapped
1,ann_be2435aea8777dcb8a0012b31aeebe6b1d31601ddbf2ceb5c4697777f9f6f0da,doc_1c9c473cfa58482e1ef452e5092999b2792fec285a1ad45681cd4354c37f4976,IJC/2017/IJC_financial_statements_2017_separate/IJC_financial_statements_2017_separate_extracted.txt,cash_flow_statement,458,458,13,5,,,auto-mapped
1,ann_737243fe10c2324d38302419a75dd4fedecaa8340376bd64f0f5ec2f4104b13d,doc_3153a243f6b350ec4d0be841d2257bfc038dd94698a50c9fcc8a6d65090688b1,POW/2018/POW_financial_statements_2018_separate/POW_financial_statements_2018_separate_extracted.txt,balance_sheet,219,219,39,6,VND,,auto-mapped
1,ann_fb8cae65d28a2dba2904b634f65d6aaf5f0064d9bef6d896ade5a99e85261d7b,doc_3153a243f6b350ec4d0be841d2257bfc038dd94698a50c9fcc8a6d65090688b1,POW/2018/POW_financial_statements_2018_separate/POW_financial_statements_2018_separate_extracted.txt,income_statement,246,246,27,6,VND,,auto-mapped
1,ann_8b7430ee827a7d56538d43352d607ea4b60dbf9997d095248e92e323865321c3,doc_3153a243f6b350ec4d0be841d2257bfc038dd94698a50c9fcc8a6d65090688b1,POW/2018/POW_financial_statements_2018_separate/POW_financial_statements_2018_separate_extracted.txt,cash_flow_statement,321,321,23,5,VND,,auto-mapped
1,ann_ed3f8d3e125b75a929b87ee3004ac644bd622c95bf14bf2cbfa1c325990c3dad,doc_3153a243f6b350ec4d0be841d2257bfc038dd94698a50c9fcc8a6d65090688b1,POW/2018/POW_financial_statements_2018_separate/POW_financial_statements_2018_separate_extracted.txt,cash_flow_statement,350,350,10,4,VND,,auto-mapped
1,ann_4e7b0c0da0896094b8afd0db54bfe01f6066f964b90def01516373fd08c510d2,doc_317968435138a46a393dcbabc81329e37b7d7600a784bee8551a19578598c039,DBC/2017/DBC_financial_statements_2017_separate/DBC_financial_statements_2017_separate_extracted.txt,balance_sheet,263,263,35,5,VND,,auto-mapped
1,ann_c069bf9b38b653413c88a34bc6a2c1774608281fa8b9cbd0d70c4060e74b8657,doc_317968435138a46a393dcbabc81329e37b7d7600a784bee8551a19578598c039,DBC/2017/DBC_financial_statements_2017_separate/DBC_financial_statements_2017_separate_extracted.txt,income_statement,278,278,24,5,VND,,auto-mapped
1,ann_730bc777d4ca0d88ea4aa4d8a0fd7aca37eb2dd60bfe476f86631e8b0fe3de3e,doc_317968435138a46a393dcbabc81329e37b7d7600a784bee8551a19578598c039,DBC/2017/DBC_financial_statements_2017_separate/DBC_financial_statements_2017_separate_extracted.txt,income_statement,305,305,18,5,VND,,auto-mapped
1,ann_6a8ba54e2071730d30ac57fbbffba2bbae8f48abcbd4c8b19166c99da3596a2f,doc_317968435138a46a393dcbabc81329e37b7d7600a784bee8551a19578598c039,DBC/2017/DBC_financial_statements_2017_separate/DBC_financial_statements_2017_separate_extracted.txt,cash_flow_statement,336,336,29,5,VND,,auto-mapped
1,ann_b775c3c56c4732259da3788c8becd7f5ae7747a71919bd4c97609d1b37d5b498,doc_317968435138a46a393dcbabc81329e37b7d7600a784bee8551a19578598c039,DBC/2017/DBC_financial_statements_2017_separate/DBC_financial_statements_2017_separate_extracted.txt,cash_flow_statement,353,353,11,5,VND,,auto-mapped
1,ann_d527ffb572a614106e75e77ba0955694bc02ed1c5aaaf07c5d21d55526bdb7de,doc_34c9d8015b288a8c3cdaf89d6bf515e6211f103c8352afd68e39f0092ed2821b,MWG/2019/MWG_financial_statements_2019_consolidated/MWG_financial_statements_2019_consolidated_extracted.txt,cash_flow_statement,13,13,8,2,,,auto-mapped
1,ann_5555fa61371045d6a58c4367f09b754972ddb6611743862e03fb0b8c99879385,doc_34c9d8015b288a8c3cdaf89d6bf515e6211f103c8352afd68e39f0092ed2821b,MWG/2019/MWG_financial_statements_2019_consolidated/MWG_financial_statements_2019_consolidated_extracted.txt,cash_flow_statement,182,182,37,5,,,auto-mapped
1,ann_e3896514d244e129f5f0dcf02199370ee330fa0cfba436678ec1d663c7316788,doc_34c9d8015b288a8c3cdaf89d6bf515e6211f103c8352afd68e39f0092ed2821b,MWG/2019/MWG_financial_statements_2019_consolidated/MWG_financial_statements_2019_consolidated_extracted.txt,cash_flow_statement,261,261,26,5,,,auto-mapped
1,ann_3cfcd814391b629a14d4ff9fd0a04f8ccdea5b2cc6147ac1d6e76c032cfcc8e2,doc_34c9d8015b288a8c3cdaf89d6bf515e6211f103c8352afd68e39f0092ed2821b,MWG/2019/MWG_financial_statements_2019_consolidated/MWG_financial_statements_2019_consolidated_extracted.txt,cash_flow_statement,278,278,12,5,,,auto-mapped
1,ann_30eab8f313262ae340b2fe858c26c0574d6f63cddf7856bb08146cb2405143da,doc_3a7a16664bf624f15f5f746e733fc404c5c66450ef82556adc62329cc1bdcd11,GEX/2018/GEX_financial_statements_2018_separate/GEX_financial_statements_2018_separate_extracted.txt,balance_sheet,289,289,42,5,VND,,auto-mapped
1,ann_072ef84a2886b07f4a8414961f7f13aa0f10710d283989d4ae3bfe3da3d903ca,doc_3a7a16664bf624f15f5f746e733fc404c5c66450ef82556adc62329cc1bdcd11,GEX/2018/GEX_financial_statements_2018_separate/GEX_financial_statements_2018_separate_extracted.txt,income_statement,306,306,29,5,VND,,auto-mapped
1,ann_352f81bf9a99477037903c244d464dd2b7f36c06d8740336553621f08f0b729c,doc_3a7a16664bf624f15f5f746e733fc404c5c66450ef82556adc62329cc1bdcd11,GEX/2018/GEX_financial_statements_2018_separate/GEX_financial_statements_2018_separate_extracted.txt,income_statement,337,337,18,5,VND,,auto-mapped
1,ann_48e36b88d04a1193b7cb9d5d116eb3840adf2a35a508c311e7feb198d23758c7,doc_3a7a16664bf624f15f5f746e733fc404c5c66450ef82556adc62329cc1bdcd11,GEX/2018/GEX_financial_statements_2018_separate/GEX_financial_statements_2018_separate_extracted.txt,cash_flow_statement,369,369,27,5,VND,,auto-mapped
1,ann_d981e4ec9762cc7449883c881b06b7a5f7bcac889e21defc53750b7982f6621b,doc_3a7a16664bf624f15f5f746e733fc404c5c66450ef82556adc62329cc1bdcd11,GEX/2018/GEX_financial_statements_2018_separate/GEX_financial_statements_2018_separate_extracted.txt,cash_flow_statement,386,386,11,5,VND,,auto-mapped
1,ann_5c421993317b8fbddf68fe92e024c4df2687853be2120e86eeb7858acad75642,doc_3b110f53f97b95631878b80740eae6ebebecfea085cbc0a5876f4fb043eb347a,IJC/2024/IJC_financial_statements_2024_separate/IJC_financial_statements_2024_separate_extracted.txt,balance_sheet,348,348,27,5,VND,,auto-mapped
1,ann_974e6da3da91e08f722a4bf5643a1d730e73f6db49305283889f9d0f79bc380e,doc_3b110f53f97b95631878b80740eae6ebebecfea085cbc0a5876f4fb043eb347a,IJC/2024/IJC_financial_statements_2024_separate/IJC_financial_statements_2024_separate_extracted.txt,balance_sheet,408,408,23,5,,,auto-mapped
1,ann_51fc996ee901342277106e3678b64bc52ae49b17ecf0cbbbddc0082076c53db6,doc_3b110f53f97b95631878b80740eae6ebebecfea085cbc0a5876f4fb043eb347a,IJC/2024/IJC_financial_statements_2024_separate/IJC_financial_statements_2024_separate_extracted.txt,income_statement,429,429,21,5,VND,,auto-mapped
1,ann_aec43d49cb31cb03ab7f1f04a6ca3d780383c5d562ca2d4f235009d6dbfa6e87,doc_3b110f53f97b95631878b80740eae6ebebecfea085cbc0a5876f4fb043eb347a,IJC/2024/IJC_financial_statements_2024_separate/IJC_financial_statements_2024_separate_extracted.txt,cash_flow_statement,461,461,21,5,VND,,auto-mapped
1,ann_1ae1d49b9f291a3ea67002d7f2dfc068ef460f0d978829973546ab5e2cf0d540,doc_3b110f53f97b95631878b80740eae6ebebecfea085cbc0a5876f4fb043eb347a,IJC/2024/IJC_financial_statements_2024_separate/IJC_financial_statements_2024_separate_extracted.txt,cash_flow_statement,465,465,8,5,,,auto-mapped
1,ann_fdcfe383d65665da7a361a3d92ecbe974e9dc2c3cb0dd4926eddc4cb15e6572e,doc_3b110f53f97b95631878b80740eae6ebebecfea085cbc0a5876f4fb043eb347a,IJC/2024/IJC_financial_statements_2024_separate/IJC_financial_statements_2024_separate_extracted.txt,cash_flow_statement,482,482,13,5,,,auto-mapped
1,ann_aafcb1ad44ffd2b3bb24732a7cf7d1d1e4cd5460f9be45900421fcbb5b910509,doc_42376c624225d02956730a6af69b07e08f78cd7d5366b0f8be3e71ffa75269c5,PNJ/2020/PNJ_financial_statements_2020_consolidated/PNJ_financial_statements_2020_consolidated_extracted.txt,income_statement,38,38,7,3,,,auto-mapped
1,ann_d7a0b317e3eef8edaca8dc81e09c86cfbc78730e5eb21573eac5a8e6fb16246a,doc_42376c624225d02956730a6af69b07e08f78cd7d5366b0f8be3e71ffa75269c5,PNJ/2020/PNJ_financial_statements_2020_consolidated/PNJ_financial_statements_2020_consolidated_extracted.txt,cash_flow_statement,133,133,36,5,,,auto-mapped
1,ann_d314229794d799f90bf604f3ee10f1130cc91c4e6138186e2b367b958ea93f9e,doc_42376c624225d02956730a6af69b07e08f78cd7d5366b0f8be3e71ffa75269c5,PNJ/2020/PNJ_financial_statements_2020_consolidated/PNJ_financial_statements_2020_consolidated_extracted.txt,cash_flow_statement,184,184,34,5,,,auto-mapped
1,ann_cf822d9c9a74af593cd70577093e2686273cbd4fe961e48f549fbadd1bf4a843,doc_43e277154b1ac89913b75cf6f8f71be85bdf8dcfe25335b06a9abf74779c6eb1,HDB/2022/HDB_financial_statements_2022_consolidated/HDB_financial_statements_2022_consolidated_extracted.txt,balance_sheet,2204,2204,25,7,VND_million,,auto-mapped
1,ann_08e7f58b14bfcd86dab53755463a211e42a66d94500f1b63f1a27fb7112311a2,doc_43e277154b1ac89913b75cf6f8f71be85bdf8dcfe25335b06a9abf74779c6eb1,HDB/2022/HDB_financial_statements_2022_consolidated/HDB_financial_statements_2022_consolidated_extracted.txt,balance_sheet,2226,2226,25,7,,,auto-mapped
1,ann_e86732946e4bcdb5978d923d358d00fdd9bfa9dae5c519499f2e53727e4d2017,doc_43e277154b1ac89913b75cf6f8f71be85bdf8dcfe25335b06a9abf74779c6eb1,HDB/2022/HDB_financial_statements_2022_consolidated/HDB_financial_statements_2022_consolidated_extracted.txt,balance_sheet,2254,2254,23,10,VND_million,,auto-mapped
1,ann_ed47278ce07ddadcdb89782d168c7d933070a26cf86c2fde9b9aaf225c497b46,doc_43e277154b1ac89913b75cf6f8f71be85bdf8dcfe25335b06a9abf74779c6eb1,HDB/2022/HDB_financial_statements_2022_consolidated/HDB_financial_statements_2022_consolidated_extracted.txt,balance_sheet,2278,2278,23,10,VND_million,,auto-mapped
1,ann_29ba442e32e697ec6a55bd27540084bda83af1fb1480fec995de9e9e4088c87f,doc_43e277154b1ac89913b75cf6f8f71be85bdf8dcfe25335b06a9abf74779c6eb1,HDB/2022/HDB_financial_statements_2022_consolidated/HDB_financial_statements_2022_consolidated_extracted.txt,balance_sheet,2328,2328,24,9,VND_million,,auto-mapped
1,ann_86cef03e93f0c517e657993a1ee0664b9ab1fbb01a9a5f9e11d26481fc75ab07,doc_43e277154b1ac89913b75cf6f8f71be85bdf8dcfe25335b06a9abf74779c6eb1,HDB/2022/HDB_financial_statements_2022_consolidated/HDB_financial_statements_2022_consolidated_extracted.txt,balance_sheet,2348,2348,24,9,VND_million,,auto-mapped
1,ann_32e5fba8d38b93ab65b6380dfc880dd6574eb2940956b6c3d73bf88a20b3af7c,doc_43e277154b1ac89913b75cf6f8f71be85bdf8dcfe25335b06a9abf74779c6eb1,HDB/2022/HDB_financial_statements_2022_consolidated/HDB_financial_statements_2022_consolidated_extracted.txt,income_statement,2368,2368,11,7,,,auto-mapped
1,ann_e7677ae35d33e012a021042d2ecff9aec82167fecfcfda137ad27d20fcb10574,doc_43e277154b1ac89913b75cf6f8f71be85bdf8dcfe25335b06a9abf74779c6eb1,HDB/2022/HDB_financial_statements_2022_consolidated/HDB_financial_statements_2022_consolidated_extracted.txt,income_statement,2494,2494,3,4,,,auto-mapped
1,ann_cc514a67a3edeb73e4a3bbf41999dec433b2308de00ccd6bbd72a2db73a1e023,doc_465329a58fcb0391a6c29316d5566abbf5702ecda8bfc8c2c49e9e1b6b442409,PNJ/2016/PNJ_financial_statements_2016_separate/PNJ_financial_statements_2016_separate_extracted.txt,balance_sheet,185,185,39,5,VND,,auto-mapped
1,ann_cc936a6c1ce3eb4cefd0871ffab602ab910768656a18f453da2944f2e1fc6c37,doc_465329a58fcb0391a6c29316d5566abbf5702ecda8bfc8c2c49e9e1b6b442409,PNJ/2016/PNJ_financial_statements_2016_separate/PNJ_financial_statements_2016_separate_extracted.txt,balance_sheet,397,397,7,5,,,auto-mapped
1,ann_4822f080e3896dc132a0b2c65795d9ec7876cc5b9daf0a0ced4bffc4384786c4,doc_465329a58fcb0391a6c29316d5566abbf5702ecda8bfc8c2c49e9e1b6b442409,PNJ/2016/PNJ_financial_statements_2016_separate/PNJ_financial_statements_2016_separate_extracted.txt,income_statement,403,403,10,5,,,auto-mapped
1,ann_ae29e75c8163b2d791e93f9c693bc418148fb34354755bf1ec62e5d634ee649a,doc_465329a58fcb0391a6c29316d5566abbf5702ecda8bfc8c2c49e9e1b6b442409,PNJ/2016/PNJ_financial_statements_2016_separate/PNJ_financial_statements_2016_separate_extracted.txt,cash_flow_statement,417,417,5,5,,,auto-mapped
1,ann_573eb0c089ad2d714cd826b372b072c5a5db0729976896175b47e0b6dea5f97e,doc_470441b55a427e05adaf3cd97407470af7cc60f7522557e9ffe4447c54f542ad,VSF/2017/VSF_financial_statements_2017_separate/VSF_financial_statements_2017_separate_extracted.txt,balance_sheet,206,206,20,5,,,auto-mapped
1,ann_746337c9a9481bdb67d0a2c151e55d9ab393a38aa8fb7c5287a0bf5e5bceb873,doc_470441b55a427e05adaf3cd97407470af7cc60f7522557e9ffe4447c54f542ad,VSF/2017/VSF_financial_statements_2017_separate/VSF_financial_statements_2017_separate_extracted.txt,balance_sheet,227,227,25,5,,,auto-mapped
1,ann_2606b2c6f16916bf60a4c6887292ab3cac7fd46856e94af5cd080af5508bcd11,doc_470441b55a427e05adaf3cd97407470af7cc60f7522557e9ffe4447c54f542ad,VSF/2017/VSF_financial_statements_2017_separate/VSF_financial_statements_2017_separate_extracted.txt,income_statement,248,248,30,5,,,auto-mapped
1,ann_aed85fe36d79288f5155de576bebf59d20f8f9e36497c2937b62c59a06eaaf45,doc_470441b55a427e05adaf3cd97407470af7cc60f7522557e9ffe4447c54f542ad,VSF/2017/VSF_financial_statements_2017_separate/VSF_financial_statements_2017_separate_extracted.txt,income_statement,283,283,20,5,,,auto-mapped
1,ann_d62dd0508e8facbe4a7ecaef730c40f7aa3a1528db8a3fc40dc2513a06453c4e,doc_470441b55a427e05adaf3cd97407470af7cc60f7522557e9ffe4447c54f542ad,VSF/2017/VSF_financial_statements_2017_separate/VSF_financial_statements_2017_separate_extracted.txt,cash_flow_statement,318,318,27,5,,,auto-mapped
1,ann_e6aa04961848bfddd3ce77aef65472d86e07326d8143c88637b9b2cd7d167f81,doc_49ffb7824ef7cb8692836f2e87c1da03763fccdd9700e57026bafa599ad2246b,VSF/2020/VSF_financial_statements_2020_separate/VSF_financial_statements_2020_separate_extracted.txt,balance_sheet,304,304,25,5,,,auto-mapped
1,ann_9b00b258205e6b889a8376a6361726923559e579953346cd91337ef1dce6d24d,doc_49ffb7824ef7cb8692836f2e87c1da03763fccdd9700e57026bafa599ad2246b,VSF/2020/VSF_financial_statements_2020_separate/VSF_financial_statements_2020_separate_extracted.txt,balance_sheet,320,320,27,5,,,auto-mapped
1,ann_ebead603f0d78b955330fb7e2ce0820fd4885274643d7fd7baee93144cf7b22b,doc_49ffb7824ef7cb8692836f2e87c1da03763fccdd9700e57026bafa599ad2246b,VSF/2020/VSF_financial_statements_2020_separate/VSF_financial_statements_2020_separate_extracted.txt,income_statement,345,345,19,5,,,auto-mapped
1,ann_4c93f05eb43ab05653a97e68031b7718157c58af0efe815b718b872c01ada508,doc_49ffb7824ef7cb8692836f2e87c1da03763fccdd9700e57026bafa599ad2246b,VSF/2020/VSF_financial_statements_2020_separate/VSF_financial_statements_2020_separate_extracted.txt,cash_flow_statement,373,373,23,5,,,auto-mapped
1,ann_698032608a1836f520ae87800b5a2b6f537028f7d802d2b5d5f7c1561bdfa21d,doc_49ffb7824ef7cb8692836f2e87c1da03763fccdd9700e57026bafa599ad2246b,VSF/2020/VSF_financial_statements_2020_separate/VSF_financial_statements_2020_separate_extracted.txt,cash_flow_statement,392,392,9,5,,,auto-mapped
1,ann_6e2e5d902ca0de841c57ab7ce031cf2962b28c85df4ad75f6edfde4e77987447,doc_4b4f4585162bad157e0b50e8b47dd401c461fad6eae658b791246875aa679cd0,GEE/2021/GEE_financial_statements_2021_consolidated/GEE_financial_statements_2021_consolidated_extracted.txt,balance_sheet,214,214,21,6,VND,,auto-mapped
1,ann_cf34be205e24c2e31e4223875152fd7335881d9618b78fa78fbd62f4eac503a1,doc_4b4f4585162bad157e0b50e8b47dd401c461fad6eae658b791246875aa679cd0,GEE/2021/GEE_financial_statements_2021_consolidated/GEE_financial_statements_2021_consolidated_extracted.txt,balance_sheet,241,241,25,6,VND,,auto-mapped
1,ann_80cd01ba87e477ae8bdbd53c2961794c887e5b02c5f770b56bea4651ba07f416,doc_4b4f4585162bad157e0b50e8b47dd401c461fad6eae658b791246875aa679cd0,GEE/2021/GEE_financial_statements_2021_consolidated/GEE_financial_statements_2021_consolidated_extracted.txt,income_statement,268,268,32,6,,,auto-mapped
1,ann_da45aa2c441f278990baca769cbb5d4a46bdf35f7612d025839fd43dc785714f,doc_4b4f4585162bad157e0b50e8b47dd401c461fad6eae658b791246875aa679cd0,GEE/2021/GEE_financial_statements_2021_consolidated/GEE_financial_statements_2021_consolidated_extracted.txt,income_statement,307,307,24,6,VND,,auto-mapped
1,ann_9d7924ebbc1c2f2469b0d12b2bad1da45af0e0dc5e5cbc6369686275edcd82ed,doc_4b4f4585162bad157e0b50e8b47dd401c461fad6eae658b791246875aa679cd0,GEE/2021/GEE_financial_statements_2021_consolidated/GEE_financial_statements_2021_consolidated_extracted.txt,cash_flow_statement,346,346,28,5,VND,,auto-mapped
1,ann_a6d7d7928b7031bce17b5adb390e6b26fc29d312227260864c19f61f9adfe6de,doc_4b4f4585162bad157e0b50e8b47dd401c461fad6eae658b791246875aa679cd0,GEE/2021/GEE_financial_statements_2021_consolidated/GEE_financial_statements_2021_consolidated_extracted.txt,cash_flow_statement,373,373,11,5,VND,,auto-mapped
1,ann_1fc2ba09b169632fc5efa392c5c142f3babdfe868a84b980d2efa3d5c0ac3de4,doc_4e83387e664068ed2108ed1ed1ea68c8c09f748712230f0a3a8ecd729690793a,NLG/2025/NLG_financial_statements_2025_consolidated/NLG_financial_statements_2025_consolidated_extracted.txt,balance_sheet,223,223,20,5,,,auto-mapped
1,ann_50dfa39defaad0cc5c5e30edcd3e2a3be5f69425cf0f27fc6e237e5bb26ec478,doc_4e83387e664068ed2108ed1ed1ea68c8c09f748712230f0a3a8ecd729690793a,NLG/2025/NLG_financial_statements_2025_consolidated/NLG_financial_statements_2025_consolidated_extracted.txt,cash_flow_statement,237,237,24,5,,,auto-mapped
1,ann_e72cdbd589d0c7003509dc568a8dd5f2fcb03da37a46b15787617e5affd60a49,doc_4e83387e664068ed2108ed1ed1ea68c8c09f748712230f0a3a8ecd729690793a,NLG/2025/NLG_financial_statements_2025_consolidated/NLG_financial_statements_2025_consolidated_extracted.txt,cash_flow_statement,314,314,25,5,,,auto-mapped
1,ann_02f75387fbbd05e8c9dd47db5eed7a8653b5834cab57969a786612c18a2a20ba,doc_4e83387e664068ed2108ed1ed1ea68c8c09f748712230f0a3a8ecd729690793a,NLG/2025/NLG_financial_statements_2025_consolidated/NLG_financial_statements_2025_consolidated_extracted.txt,cash_flow_statement,333,333,11,5,,,auto-mapped
1,ann_0238e21f4260c1d8521bef80326615b8d14cabf146583a3ab638555d0e10fd50,doc_51efe6abae9d0bdf8f0c0ace48af42cf05d999a0d222f93563d71534f3e2dc23,HSG/2025/HSG_financial_statements_2025_consolidated/HSG_financial_statements_2025_consolidated_extracted.txt,balance_sheet,1192,1192,6,3,,,auto-mapped
1,ann_fbd28e28999ceb574db0fadb5772a73192eaf1f61160453d840fff2d42b33396,doc_51efe6abae9d0bdf8f0c0ace48af42cf05d999a0d222f93563d71534f3e2dc23,HSG/2025/HSG_financial_statements_2025_consolidated/HSG_financial_statements_2025_consolidated_extracted.txt,income_statement,1215,1215,10,4,,,auto-mapped
1,ann_e415a80229d23c5a12e4f3a13c0cb8928f793f6defcdd972bc453947cea75269,doc_52cc94f1838d023d7a95b9ca14d962a6bb96fb28fd951e643e9854477c1b51e7,CTG/2022/CTG_financial_statements_2022_consolidated/CTG_financial_statements_2022_consolidated_extracted.txt,balance_sheet,320,320,36,5,VND_million,,auto-mapped
1,ann_1c2c2d7507180efae2fc9afdb90cb8b602886836ce9cf6a143fcfdacd70ebd7a,doc_52cc94f1838d023d7a95b9ca14d962a6bb96fb28fd951e643e9854477c1b51e7,CTG/2022/CTG_financial_statements_2022_consolidated/CTG_financial_statements_2022_consolidated_extracted.txt,income_statement,347,347,26,5,VND_million,,auto-mapped
1,ann_41aa9fff09029637712d43321509d86ad958034eee014b9271d7698ae7ea180d,doc_52cc94f1838d023d7a95b9ca14d962a6bb96fb28fd951e643e9854477c1b51e7,CTG/2022/CTG_financial_statements_2022_consolidated/CTG_financial_statements_2022_consolidated_extracted.txt,income_statement,423,423,25,5,VND_million,,auto-mapped
1,ann_dfb31980a9e77e4abc01776ce92bd154296fce20f9bce08c65a8a4edd6908bde,doc_52cc94f1838d023d7a95b9ca14d962a6bb96fb28fd951e643e9854477c1b51e7,CTG/2022/CTG_financial_statements_2022_consolidated/CTG_financial_statements_2022_consolidated_extracted.txt,cash_flow_statement,468,468,26,4,VND_million,,auto-mapped
1,ann_df11d6c581814746abfeae5ef6088ce73f9f456d9ba7e7430cf285a471ccef9b,doc_52cc94f1838d023d7a95b9ca14d962a6bb96fb28fd951e643e9854477c1b51e7,CTG/2022/CTG_financial_statements_2022_consolidated/CTG_financial_statements_2022_consolidated_extracted.txt,cash_flow_statement,495,495,15,3,VND_million,,auto-mapped
1,ann_e89636151606c85add715a4f82882d3c08cccfdcc73912b34382f658a785533f,doc_59b3e52b9aef6dd3fad9bff4017cf6e47739b7170535b8edfb84d13bce03dec7,MSB/2016/MSB_financial_statements_2016_consolidated/MSB_financial_statements_2016_consolidated_extracted.txt,balance_sheet,133,133,36,4,,,auto-mapped
1,ann_f9c1bd6815937d9eef606ce0ecc95431ca1dff3d7f25f771d6682c022034bf73,doc_59b3e52b9aef6dd3fad9bff4017cf6e47739b7170535b8edfb84d13bce03dec7,MSB/2016/MSB_financial_statements_2016_consolidated/MSB_financial_statements_2016_consolidated_extracted.txt,balance_sheet,155,155,9,4,,,auto-mapped
1,ann_7c5051713d341ab201af080de9f4f984139865639d83d9759352a35beeaffc93,doc_59b3e52b9aef6dd3fad9bff4017cf6e47739b7170535b8edfb84d13bce03dec7,MSB/2016/MSB_financial_statements_2016_consolidated/MSB_financial_statements_2016_consolidated_extracted.txt,income_statement,166,166,21,4,,,auto-mapped
1,ann_5162d607345aed6823d581fffc5814eccb72978b191b0e600ac54c9bd7f7c2c4,doc_59b3e52b9aef6dd3fad9bff4017cf6e47739b7170535b8edfb84d13bce03dec7,MSB/2016/MSB_financial_statements_2016_consolidated/MSB_financial_statements_2016_consolidated_extracted.txt,cash_flow_statement,175,175,27,4,,,auto-mapped
1,ann_a69f77ce9d15794a31c0e3b6efc9d7b5c106f921f506eb4a91077d1c68e0c9b1,doc_59b3e52b9aef6dd3fad9bff4017cf6e47739b7170535b8edfb84d13bce03dec7,MSB/2016/MSB_financial_statements_2016_consolidated/MSB_financial_statements_2016_consolidated_extracted.txt,cash_flow_statement,184,184,16,4,,,auto-mapped
1,ann_917dddaf414a08a4fd86ef1351d8623d1d09c205cb29b1a1d839b68d98f01e9c,doc_5a553261aedcfdc7ba2e23e1f70d95f19983152f7034dbcfd98522913a23e90e,ACB/2015/ACB_financial_statements_2015_separate/ACB_financial_statements_2015_separate_extracted.txt,balance_sheet,281,281,39,5,,,auto-mapped
1,ann_c0178808afecb7cc51d9651b89c42bac27f36b51f569cbc69fcbe96a1d7ae968,doc_5a553261aedcfdc7ba2e23e1f70d95f19983152f7034dbcfd98522913a23e90e,ACB/2015/ACB_financial_statements_2015_separate/ACB_financial_statements_2015_separate_extracted.txt,balance_sheet,334,334,7,5,,,auto-mapped
1,ann_44cb2627493dee1b034d7efedd1a5e21d7f98293197f201084d85b7c3124a9b4,doc_5a553261aedcfdc7ba2e23e1f70d95f19983152f7034dbcfd98522913a23e90e,ACB/2015/ACB_financial_statements_2015_separate/ACB_financial_statements_2015_separate_extracted.txt,income_statement,362,362,18,5,,,auto-mapped
1,ann_e6f15607374050c40fd457d0491eb79152c57cdffd7775453a95576f1cea4af0,doc_5a553261aedcfdc7ba2e23e1f70d95f19983152f7034dbcfd98522913a23e90e,ACB/2015/ACB_financial_statements_2015_separate/ACB_financial_statements_2015_separate_extracted.txt,cash_flow_statement,411,411,1,3,,,auto-mapped
1,ann_ceab794f5b27e9639a8097d1a4950dee73f182e61fcacc08a673202d1143b23b,doc_5c04db88863e3f82be09ef80b120b0fcab9cf8736b8336f3860d5bbebcf58f77,GEG/2022/GEG_financial_statements_2022_consolidated/GEG_financial_statements_2022_consolidated_extracted.txt,balance_sheet,247,247,21,5,,,auto-mapped
1,ann_32ab2bb8afd8c82600fd022ec934ace8b41ffe60637861c6a7e724141ac316a9,doc_5c04db88863e3f82be09ef80b120b0fcab9cf8736b8336f3860d5bbebcf58f77,GEG/2022/GEG_financial_statements_2022_consolidated/GEG_financial_statements_2022_consolidated_extracted.txt,cash_flow_statement,262,262,24,5,,,auto-mapped
1,ann_35a8666d03b95ef9f9f5268849278645f369d41c694f4c9cd06bba0262016bc9,doc_5f7bb5ffa5810816fc979ee59dc6844988ef68b10f197a1fbe0f14904b7a3eb1,PNJ/2018/PNJ_financial_statements_2018_separate/PNJ_financial_statements_2018_separate_extracted.txt,balance_sheet,171,171,40,5,,,auto-mapped
1,ann_dc8c6bed57a6ed19b570a4894af92764fb9c616923ba2dbb203a14f4aa7247ce,doc_5f7bb5ffa5810816fc979ee59dc6844988ef68b10f197a1fbe0f14904b7a3eb1,PNJ/2018/PNJ_financial_statements_2018_separate/PNJ_financial_statements_2018_separate_extracted.txt,income_statement,184,184,26,5,,,auto-mapped
1,ann_b7772f1fb2b20f42fac552b41271b240cf2650aee3cd07fce0663bc847f0ac18,doc_5f7bb5ffa5810816fc979ee59dc6844988ef68b10f197a1fbe0f14904b7a3eb1,PNJ/2018/PNJ_financial_statements_2018_separate/PNJ_financial_statements_2018_separate_extracted.txt,income_statement,209,209,20,5,,,auto-mapped
1,ann_c74d610698bccd62e4a257671708d5b0c5c6550bbc5c4792a6cdac2fda20dcc4,doc_5f7bb5ffa5810816fc979ee59dc6844988ef68b10f197a1fbe0f14904b7a3eb1,PNJ/2018/PNJ_financial_statements_2018_separate/PNJ_financial_statements_2018_separate_extracted.txt,cash_flow_statement,224,224,36,5,,,auto-mapped
1,ann_de8834e23468715389bea49fd36396c3b1378831a0302f8b23c72b49625991d9,doc_65cef4c780f3d67527bcf022f5295ba71a96e3b647a09bc95f2b6704401895f0,CTG/2016/CTG_financial_statements_2016_consolidated/CTG_financial_statements_2016_consolidated_extracted.txt,balance_sheet,205,205,37,5,VND_million,,auto-mapped
1,ann_6ad3db4229fbd369c0a871b977aed770edc022a9e8737bfadc4ebf11dcd2cbcf,doc_65cef4c780f3d67527bcf022f5295ba71a96e3b647a09bc95f2b6704401895f0,CTG/2016/CTG_financial_statements_2016_consolidated/CTG_financial_statements_2016_consolidated_extracted.txt,income_statement,230,230,24,5,VND_million,,auto-mapped
1,ann_0a1d0fed0643e61547d125f4038063bd1ba715cc4715b53956ff3fbe2fec1b5c,doc_65cef4c780f3d67527bcf022f5295ba71a96e3b647a09bc95f2b6704401895f0,CTG/2016/CTG_financial_statements_2016_consolidated/CTG_financial_statements_2016_consolidated_extracted.txt,income_statement,282,282,18,5,VND_million,,auto-mapped
1,ann_d4f846596ca8e1cae7eefc1c374bcf679bec37eaddf499ba09c2b415f5e09561,doc_65cef4c780f3d67527bcf022f5295ba71a96e3b647a09bc95f2b6704401895f0,CTG/2016/CTG_financial_statements_2016_consolidated/CTG_financial_statements_2016_consolidated_extracted.txt,income_statement,307,307,8,5,VND_million,,auto-mapped
1,ann_fceba0e2e9ab2d3288ca2f8893865ad12cc19de4cc5f1e73a862d7b44a42e3e0,doc_65cef4c780f3d67527bcf022f5295ba71a96e3b647a09bc95f2b6704401895f0,CTG/2016/CTG_financial_statements_2016_consolidated/CTG_financial_statements_2016_consolidated_extracted.txt,cash_flow_statement,336,336,28,3,VND_million,,auto-mapped
1,ann_9ce09add33ffb09924faa3c6a59c3f727f954b2c3a532966c933c92512510a8e,doc_65cef4c780f3d67527bcf022f5295ba71a96e3b647a09bc95f2b6704401895f0,CTG/2016/CTG_financial_statements_2016_consolidated/CTG_financial_statements_2016_consolidated_extracted.txt,cash_flow_statement,371,371,14,4,,,auto-mapped
1,ann_8de6b7c16e69c4e41d29e11fd748df5cdbf1aedc899cdf51ce282cc1700127a8,doc_6d7b1237705b40aa68af09efd36e495197bd346378d32d84068dea4543b35bd2,HDB/2023/HDB_financial_statements_2023_separate_2/HDB_financial_statements_2023_separate_2_extracted.txt,balance_sheet,2250,2250,25,7,VND_million,,auto-mapped
1,ann_a318a427ba848b423449736be9d5e74623ff04dcb68cfdb3ac0ed8db51920d6a,doc_6d7b1237705b40aa68af09efd36e495197bd346378d32d84068dea4543b35bd2,HDB/2023/HDB_financial_statements_2023_separate_2/HDB_financial_statements_2023_separate_2_extracted.txt,balance_sheet,2270,2270,25,7,VND_million,,auto-mapped
1,ann_fd8ade4ced402e73f8e0c0f514f4cfc0639add1b43df8f0d59f995f7ec4cd2e7,doc_6d7b1237705b40aa68af09efd36e495197bd346378d32d84068dea4543b35bd2,HDB/2023/HDB_financial_statements_2023_separate_2/HDB_financial_statements_2023_separate_2_extracted.txt,balance_sheet,2297,2297,23,10,VND_million,,auto-mapped
1,ann_f24529cce0741423be8818ddb631e933a9c3fdc0d2643d9baf6ded7b84f04ee9,doc_6d7b1237705b40aa68af09efd36e495197bd346378d32d84068dea4543b35bd2,HDB/2023/HDB_financial_statements_2023_separate_2/HDB_financial_statements_2023_separate_2_extracted.txt,balance_sheet,2318,2318,23,10,,,auto-mapped
1,ann_c9812e3d00a1228771f2fa227a38718c206c584e8f487c3c617586d4a1ed5ce9,doc_6d7b1237705b40aa68af09efd36e495197bd346378d32d84068dea4543b35bd2,HDB/2023/HDB_financial_statements_2023_separate_2/HDB_financial_statements_2023_separate_2_extracted.txt,balance_sheet,2366,2366,24,9,VND_million,,auto-mapped
1,ann_d3d25436e88ba6eb3eed898cef314c45abb4d769c5f71f8ab9132b11902d4b61,doc_6d7b1237705b40aa68af09efd36e495197bd346378d32d84068dea4543b35bd2,HDB/2023/HDB_financial_statements_2023_separate_2/HDB_financial_statements_2023_separate_2_extracted.txt,balance_sheet,2387,2387,24,9,VND_million,,auto-mapped
1,ann_f4eb2de9d3e1b1cce6ef6aab2c445861edf746f712a2472fe96111015f0c0f18,doc_6d7b1237705b40aa68af09efd36e495197bd346378d32d84068dea4543b35bd2,HDB/2023/HDB_financial_statements_2023_separate_2/HDB_financial_statements_2023_separate_2_extracted.txt,income_statement,2408,2408,11,7,,,auto-mapped
1,ann_e2474fd58d0eca549dcd0a6ba66c27c8d3e934e3ea19c85a30c64a2ace35a0d2,doc_6d7b1237705b40aa68af09efd36e495197bd346378d32d84068dea4543b35bd2,HDB/2023/HDB_financial_statements_2023_separate_2/HDB_financial_statements_2023_separate_2_extracted.txt,income_statement,2514,2514,3,4,,,auto-mapped
1,ann_3b4e7ebcac99fd4f709dfd8c0cc17322e82a4d890f731b30e316a3d3299a4624,doc_767612e8342e4558c1ebc9ddc18a47145e052ad707328b9ced883d5555318fae,FPT/2016/FPT_financial_statements_2016_separate/FPT_financial_statements_2016_separate_extracted.txt,balance_sheet,190,190,35,5,VND,,auto-mapped
1,ann_92fffca5ad0f48f72e15b44b5381174ea8ee9f746d82ab25b55082f4ff60f8bc,doc_767612e8342e4558c1ebc9ddc18a47145e052ad707328b9ced883d5555318fae,FPT/2016/FPT_financial_statements_2016_separate/FPT_financial_statements_2016_separate_extracted.txt,income_statement,255,255,18,5,VND,,auto-mapped
1,ann_6349773661b2a6726b11bd8f2cecfd99a3d80b01fd7f4a5f9e54471bac8eefd6,doc_767612e8342e4558c1ebc9ddc18a47145e052ad707328b9ced883d5555318fae,FPT/2016/FPT_financial_statements_2016_separate/FPT_financial_statements_2016_separate_extracted.txt,cash_flow_statement,289,289,27,4,VND,,auto-mapped
1,ann_5ec9f1695b4876e8e71cf72a014192ae949ef77afcb91f6d9563e296b8cc6433,doc_767612e8342e4558c1ebc9ddc18a47145e052ad707328b9ced883d5555318fae,FPT/2016/FPT_financial_statements_2016_separate/FPT_financial_statements_2016_separate_extracted.txt,cash_flow_statement,318,318,10,4,VND,,auto-mapped
1,ann_9fb58524680a1564872bd570376ca5a98eef11a6a163bb2a62c38e5292141b15,doc_7682774b9f3e42435e71b8862699740e3b93390424b7b1f04b5e79ac20880559,CTG/2025/CTG_financial_statements_2025_consolidated/CTG_financial_statements_2025_consolidated_extracted.txt,balance_sheet,419,419,37,5,,,auto-mapped
1,ann_eadc2974aebcd564247220a84d9e279d3c01efe601bd667427e22dfba885b3d6,doc_7682774b9f3e42435e71b8862699740e3b93390424b7b1f04b5e79ac20880559,CTG/2025/CTG_financial_statements_2025_consolidated/CTG_financial_statements_2025_consolidated_extracted.txt,balance_sheet,515,515,29,5,,,auto-mapped
1,ann_18db27c5c94b4cbc5905cbb27483b6b94c559a29f4242462e64af2a77bf371d4,doc_7682774b9f3e42435e71b8862699740e3b93390424b7b1f04b5e79ac20880559,CTG/2025/CTG_financial_statements_2025_consolidated/CTG_financial_statements_2025_consolidated_extracted.txt,income_statement,613,613,13,5,,,auto-mapped
1,ann_f93ca4cd47423e0e25fe07efd97a14b58880f4b8a3794f3bcedd6352ddbb33d6,doc_7682774b9f3e42435e71b8862699740e3b93390424b7b1f04b5e79ac20880559,CTG/2025/CTG_financial_statements_2025_consolidated/CTG_financial_statements_2025_consolidated_extracted.txt,cash_flow_statement,2485,2485,19,6,,,auto-mapped
1,ann_6182ce872c40f5d53587be4810bd39ed782f6edf04cb7a6dfb08749cf90818ec,doc_7682774b9f3e42435e71b8862699740e3b93390424b7b1f04b5e79ac20880559,CTG/2025/CTG_financial_statements_2025_consolidated/CTG_financial_statements_2025_consolidated_extracted.txt,cash_flow_statement,2505,2505,2,3,,,auto-mapped
1,ann_0beb8f31de7f4922066d3b68ce474be9959f444392ea116a3c536a783bc29d4b,doc_7682774b9f3e42435e71b8862699740e3b93390424b7b1f04b5e79ac20880559,CTG/2025/CTG_financial_statements_2025_consolidated/CTG_financial_statements_2025_consolidated_extracted.txt,cash_flow_statement,2509,2509,20,4,,,auto-mapped
1,ann_7db08284b932f7be59af8e175659d4d095dadf067290b23afd2b7e03582649c5,doc_7da3d76db147cb080f6f14a63989eb228c7cbab30405a30a834613aec3a97303,HPX/2022/HPX_financial_statements_2022_consolidated/HPX_financial_statements_2022_consolidated_extracted.txt,balance_sheet,322,322,43,5,,,auto-mapped
1,ann_5965ba85ce7a10ef55af9ad099c878e2df1b1d7f0497ef24d2cf622f85d25b2e,doc_7da3d76db147cb080f6f14a63989eb228c7cbab30405a30a834613aec3a97303,HPX/2022/HPX_financial_statements_2022_consolidated/HPX_financial_statements_2022_consolidated_extracted.txt,income_statement,343,343,28,6,,,auto-mapped
1,ann_b899c8bba216ad4be630d3abfd12acd2b8996d35c7431b9b2bad961ae7eb7b36,doc_7da3d76db147cb080f6f14a63989eb228c7cbab30405a30a834613aec3a97303,HPX/2022/HPX_financial_statements_2022_consolidated/HPX_financial_statements_2022_consolidated_extracted.txt,cash_flow_statement,415,415,37,5,,,auto-mapped
1,ann_8cf783fac90ed6f953584862ad3db28219a6a3cd37f14012a25cdd372a39a832,doc_82757cff70c283e922eb5c48e767f9bc00696462c0c2412c931f2d8c4d1cf76f,HDG/2016/HDG_financial_statements_2016_consolidated/HDG_financial_statements_2016_consolidated_extracted.txt,balance_sheet,123,123,24,5,,,auto-mapped
1,ann_f01d1fcdff5588fdd6d5d4b1c72e7d921b3ba222c8bb7fea9b9e1341ef143676,doc_82757cff70c283e922eb5c48e767f9bc00696462c0c2412c931f2d8c4d1cf76f,HDG/2016/HDG_financial_statements_2016_consolidated/HDG_financial_statements_2016_consolidated_extracted.txt,balance_sheet,138,138,26,5,,,auto-mapped
1,ann_fd81be79dcd4fc0c2135f22606ce048d39b0f0d25d7c123853dcc0719c3c691b,doc_82757cff70c283e922eb5c48e767f9bc00696462c0c2412c931f2d8c4d1cf76f,HDG/2016/HDG_financial_statements_2016_consolidated/HDG_financial_statements_2016_consolidated_extracted.txt,income_statement,170,170,14,5,,,auto-mapped
1,ann_ba1ed4586d2905224a0657d337a8804e0ab6b24ac65dfdb996340e4cf0060b5e,doc_82757cff70c283e922eb5c48e767f9bc00696462c0c2412c931f2d8c4d1cf76f,HDG/2016/HDG_financial_statements_2016_consolidated/HDG_financial_statements_2016_consolidated_extracted.txt,income_statement,199,199,20,5,,,auto-mapped
1,ann_2aefd1210c1cee7966a605f0c6e17c06aff8f3bfad74a1a4d2fd12160e4f7df1,doc_82757cff70c283e922eb5c48e767f9bc00696462c0c2412c931f2d8c4d1cf76f,HDG/2016/HDG_financial_statements_2016_consolidated/HDG_financial_statements_2016_consolidated_extracted.txt,income_statement,218,218,7,5,,,auto-mapped
1,ann_66151c381eb0531bb58f8837ba30710236d041fd493acbf3545831ac1c9a2427,doc_82757cff70c283e922eb5c48e767f9bc00696462c0c2412c931f2d8c4d1cf76f,HDG/2016/HDG_financial_statements_2016_consolidated/HDG_financial_statements_2016_consolidated_extracted.txt,cash_flow_statement,249,249,29,4,,,auto-mapped
1,ann_258254cc6a571a8755c90e56da82d779a9b52314df963414f91e7a56d5ea71f9,doc_82757cff70c283e922eb5c48e767f9bc00696462c0c2412c931f2d8c4d1cf76f,HDG/2016/HDG_financial_statements_2016_consolidated/HDG_financial_statements_2016_consolidated_extracted.txt,cash_flow_statement,266,266,12,4,,,auto-mapped
1,ann_87f2b7ce125529d2c8ea4979c60c46df58aae7656026e977b36e7da5f2933b2f,doc_84e86cd28ab369f774990100708075260234b13291343f4167817ec56c8dee88,KHG/2022/KHG_financial_statements_2022_separate/KHG_financial_statements_2022_separate_extracted.txt,balance_sheet,217,217,31,6,VND,,auto-mapped
1,ann_ae4ce54dd8e07c15c8854df1c59b5c715aef902bb5fb870733185eaea20ceda2,doc_84e86cd28ab369f774990100708075260234b13291343f4167817ec56c8dee88,KHG/2022/KHG_financial_statements_2022_separate/KHG_financial_statements_2022_separate_extracted.txt,balance_sheet,232,232,22,6,VND,,auto-mapped
1,ann_a55ce55e897a49d07a7e3c655e008b16cb8518c0192f9061ede410d5467f5677,doc_84e86cd28ab369f774990100708075260234b13291343f4167817ec56c8dee88,KHG/2022/KHG_financial_statements_2022_separate/KHG_financial_statements_2022_separate_extracted.txt,income_statement,259,259,19,5,VND,,auto-mapped
1,ann_eceb01f8daf0defb0108410376e76edf0040003ecdba9ee587f59f85c36b14c0,doc_84e86cd28ab369f774990100708075260234b13291343f4167817ec56c8dee88,KHG/2022/KHG_financial_statements_2022_separate/KHG_financial_statements_2022_separate_extracted.txt,cash_flow_statement,286,286,27,5,VND,,auto-mapped
1,ann_03d90784f8d00e66eaa8b950d617a18c09d45a7cdcc4992e751797f5244213c6,doc_86c2d957c54b005f5a1abb24989594936750e3e3105373d8daa0244fc4404f85,GEG/2020/GEG_financial_statements_2020_separate/GEG_financial_statements_2020_separate_extracted.txt,income_statement,145,145,7,3,,,auto-mapped
1,ann_e7d1628e9dbffd5f778cba6e8e73f818dff16c2c0a64bc1477f90450b23e43b3,doc_86c2d957c54b005f5a1abb24989594936750e3e3105373d8daa0244fc4404f85,GEG/2020/GEG_financial_statements_2020_separate/GEG_financial_statements_2020_separate_extracted.txt,cash_flow_statement,287,287,36,5,,,auto-mapped
1,ann_b8eb40a55d23fd2f1504be7a2a0077529af28736cc342d47211e014edcb120e7,doc_86c2d957c54b005f5a1abb24989594936750e3e3105373d8daa0244fc4404f85,GEG/2020/GEG_financial_statements_2020_separate/GEG_financial_statements_2020_separate_extracted.txt,cash_flow_statement,353,353,36,5,,,auto-mapped
1,ann_3c5bc4f74b6f5935cc986a5f9caa3ad84c64c2c57d0921f67426d2e8f2f2c5ca,doc_8787ef5ce0651a133f520f289e631b6b8301e73154e8345c89cf7e01a504ec48,GEX/2016/GEX_financial_statements_2016_consolidated/GEX_financial_statements_2016_consolidated_extracted.txt,balance_sheet,168,168,43,5,,,auto-mapped
1,ann_50c31cf140db792e60e17d618e2c5f21bd05d2e12333d593c752810d7c16fa65,doc_8787ef5ce0651a133f520f289e631b6b8301e73154e8345c89cf7e01a504ec48,GEX/2016/GEX_financial_statements_2016_consolidated/GEX_financial_statements_2016_consolidated_extracted.txt,income_statement,189,189,38,5,,,auto-mapped
1,ann_6d28a0cd60d6ad3543a2e72b6586efa6be386f0e40ac424c879095b2e0e25d61,doc_8787ef5ce0651a133f520f289e631b6b8301e73154e8345c89cf7e01a504ec48,GEX/2016/GEX_financial_statements_2016_consolidated/GEX_financial_statements_2016_consolidated_extracted.txt,income_statement,224,224,24,5,,,auto-mapped
1,ann_f67d415cd3e5c7d4c9376d4e72c6dc9d954b6ad3461aba0524d3444b2ec034b1,doc_8787ef5ce0651a133f520f289e631b6b8301e73154e8345c89cf7e01a504ec48,GEX/2016/GEX_financial_statements_2016_consolidated/GEX_financial_statements_2016_consolidated_extracted.txt,cash_flow_statement,263,263,31,5,,,auto-mapped
1,ann_c565b7ffd1bb288185c4ca5ef1357d3a6972445d36bb4ca19a8b31b792ef7352,doc_8787ef5ce0651a133f520f289e631b6b8301e73154e8345c89cf7e01a504ec48,GEX/2016/GEX_financial_statements_2016_consolidated/GEX_financial_statements_2016_consolidated_extracted.txt,cash_flow_statement,286,286,14,5,,,auto-mapped
1,ann_bdc58abe36141f151faba3154ea5521a03b6a866d2bcae27dbbb29302e97efb0,doc_8ab2ee2d002acd608133139cda3d02552ab6b0262b444874a638b19b6dbb8931,GEE/2023/GEE_financial_statements_2023_consolidated/GEE_financial_statements_2023_consolidated_extracted.txt,balance_sheet,372,372,21,6,VND,,auto-mapped
1,ann_935e08e0dea5f44d9d63019d0a2ee18a79a8c2ef19658c81d2936d08abab39d9,doc_8ab2ee2d002acd608133139cda3d02552ab6b0262b444874a638b19b6dbb8931,GEE/2023/GEE_financial_statements_2023_consolidated/GEE_financial_statements_2023_consolidated_extracted.txt,balance_sheet,397,397,27,6,VND,,auto-mapped
1,ann_a51c15e4881718dcfba0ca43d30a93da60a2444b3b300b3213792af6ce16b6bb,doc_8ab2ee2d002acd608133139cda3d02552ab6b0262b444874a638b19b6dbb8931,GEE/2023/GEE_financial_statements_2023_consolidated/GEE_financial_statements_2023_consolidated_extracted.txt,income_statement,422,422,32,5,,,auto-mapped
1,ann_f66a6c4b91f58f8721b5622513c52fb6834c112c23d4226e0527df7d240fe07c,doc_8ab2ee2d002acd608133139cda3d02552ab6b0262b444874a638b19b6dbb8931,GEE/2023/GEE_financial_statements_2023_consolidated/GEE_financial_statements_2023_consolidated_extracted.txt,income_statement,459,459,24,6,VND,,auto-mapped
1,ann_1a7b767f16465ffd53f9ded9b41a07407c2d5a7fefc98f500ebc574da66d3fcb,doc_8ab2ee2d002acd608133139cda3d02552ab6b0262b444874a638b19b6dbb8931,GEE/2023/GEE_financial_statements_2023_consolidated/GEE_financial_statements_2023_consolidated_extracted.txt,cash_flow_statement,494,494,27,5,VND,,auto-mapped
1,ann_3d41f807952a1267a8f31e0369357726d5e4d940c25787f5a5734c5533e83def,doc_8ab2ee2d002acd608133139cda3d02552ab6b0262b444874a638b19b6dbb8931,GEE/2023/GEE_financial_statements_2023_consolidated/GEE_financial_statements_2023_consolidated_extracted.txt,cash_flow_statement,521,521,11,5,VND,,auto-mapped
1,ann_97acc6502c4de94d207d33f2822d9a992c3196059c5e71c4f7c4737a7daec600,doc_8b361682a82d810f2f99390249711b36a7fc12732e21fadf33495a491a3f7563,KHG/2025/KHG_financial_statements_2025_consolidated/KHG_financial_statements_2025_consolidated_extracted.txt,balance_sheet,195,195,33,5,VND,,auto-mapped
1,ann_ce3bbd1afd3d4c84571d72070ed805f1fd46449953830c5fd6f6382a55a24d0f,doc_8b361682a82d810f2f99390249711b36a7fc12732e21fadf33495a491a3f7563,KHG/2025/KHG_financial_statements_2025_consolidated/KHG_financial_statements_2025_consolidated_extracted.txt,income_statement,216,216,22,6,VND,,auto-mapped
1,ann_5b262c4447ad92d9e14621d63b603a0747d3bc6284744b44bf185769bead7c48,doc_8b361682a82d810f2f99390249711b36a7fc12732e21fadf33495a491a3f7563,KHG/2025/KHG_financial_statements_2025_consolidated/KHG_financial_statements_2025_consolidated_extracted.txt,income_statement,237,237,22,5,VND,,auto-mapped
1,ann_cd30b382ccb2dff1ae29d15add03691fe532de24b4703fef96cb79a230fd4edf,doc_8b361682a82d810f2f99390249711b36a7fc12732e21fadf33495a491a3f7563,KHG/2025/KHG_financial_statements_2025_consolidated/KHG_financial_statements_2025_consolidated_extracted.txt,cash_flow_statement,272,272,28,4,VND,,auto-mapped
1,ann_98f62cfa5f5618fd83efb28eb525a270c42bc9a366e857023e5e2299e5f4019b,doc_8ebed1476b7b3ba922458a3413c71f2f8abad629fee9d46d7b2478dec40572ea,MSB/2017/MSB_financial_statements_2017_separate/MSB_financial_statements_2017_separate_extracted.txt,balance_sheet,288,288,19,5,,,auto-mapped
1,ann_c91055a7d2c88651ae545ec0a80ceb9969e817309211cb2fb2e25e8ea9ae3787,doc_8ebed1476b7b3ba922458a3413c71f2f8abad629fee9d46d7b2478dec40572ea,MSB/2017/MSB_financial_statements_2017_separate/MSB_financial_statements_2017_separate_extracted.txt,balance_sheet,306,306,9,5,,,auto-mapped
1,ann_c85b7cd335dfd7b71d5bbf6bb03aba42cf7bd4af83c8ed608adee9244e799266,doc_8ebed1476b7b3ba922458a3413c71f2f8abad629fee9d46d7b2478dec40572ea,MSB/2017/MSB_financial_statements_2017_separate/MSB_financial_statements_2017_separate_extracted.txt,income_statement,335,335,21,5,,,auto-mapped
1,ann_87e82787640313a1dac51a058d010fc0c318bd61dab2e84796c1c609bf72e250,doc_8ebed1476b7b3ba922458a3413c71f2f8abad629fee9d46d7b2478dec40572ea,MSB/2017/MSB_financial_statements_2017_separate/MSB_financial_statements_2017_separate_extracted.txt,cash_flow_statement,359,359,27,4,,,auto-mapped
1,ann_5e4f410e80ada766c5264c07890259100749ea4b96c865cf35aa17d3fe594ace,doc_945525431af814f87b50e484b5db5e1f8408aabcc163d3657cc93d423a9ab107,IJC/2017/IJC_financial_statements_2017_consolidated/IJC_financial_statements_2017_consolidated_extracted.txt,balance_sheet,323,323,27,6,VND,,auto-mapped
1,ann_589bda7da08c7c7a9af9ee509d712b6056882d7893eed962424da51d8ea280dc,doc_945525431af814f87b50e484b5db5e1f8408aabcc163d3657cc93d423a9ab107,IJC/2017/IJC_financial_statements_2017_consolidated/IJC_financial_statements_2017_consolidated_extracted.txt,balance_sheet,338,338,39,6,,,auto-mapped
1,ann_cb387f37cb1bd165621f3aa39d429d8728c006084fa036eff714b774f92d2f63,doc_945525431af814f87b50e484b5db5e1f8408aabcc163d3657cc93d423a9ab107,IJC/2017/IJC_financial_statements_2017_consolidated/IJC_financial_statements_2017_consolidated_extracted.txt,balance_sheet,353,353,31,6,,,auto-mapped
1,ann_821112504a2c046010a3828636eac904e0b85a1c9ae7f773e9e9c6ed6f7869ad,doc_945525431af814f87b50e484b5db5e1f8408aabcc163d3657cc93d423a9ab107,IJC/2017/IJC_financial_statements_2017_consolidated/IJC_financial_statements_2017_consolidated_extracted.txt,balance_sheet,366,366,24,6,,,auto-mapped
1,ann_575f7fa133d6c79152eefa2337bb3ec3380ff2eb0901c6b153578dc80e04d5a8,doc_945525431af814f87b50e484b5db5e1f8408aabcc163d3657cc93d423a9ab107,IJC/2017/IJC_financial_statements_2017_consolidated/IJC_financial_statements_2017_consolidated_extracted.txt,income_statement,396,396,24,6,VND,,auto-mapped
1,ann_1fa26a8296b1e0900c8c23a73e1b674549a7a4daa7aac907dd7788f2fdbfb9e1,doc_945525431af814f87b50e484b5db5e1f8408aabcc163d3657cc93d423a9ab107,IJC/2017/IJC_financial_statements_2017_consolidated/IJC_financial_statements_2017_consolidated_extracted.txt,cash_flow_statement,449,449,13,5,,,auto-mapped
1,ann_f66a2ee837db7b917d1d8db407a31146521de8facc3738a9b7c87057001f9158,doc_9ee6e61421f96651fd6c74165ffc1d38920e1e3be41a54ad10bcceeb4811b784,HPX/2024/HPX_financial_statements_2024_separate/HPX_financial_statements_2024_separate_extracted.txt,balance_sheet,303,303,40,6,,,auto-mapped
1,ann_5a5a1dbd6a4fd4febd3b872c1a698dd4b8bde4cd571d919ebbec0c55628b33c1,doc_9ee6e61421f96651fd6c74165ffc1d38920e1e3be41a54ad10bcceeb4811b784,HPX/2024/HPX_financial_statements_2024_separate/HPX_financial_statements_2024_separate_extracted.txt,income_statement,322,322,24,6,,,auto-mapped
1,ann_f99612d51cfdf12af8becea3ba8a8e793da15bba4082709c69e1f437a71ad6a8,doc_9ee6e61421f96651fd6c74165ffc1d38920e1e3be41a54ad10bcceeb4811b784,HPX/2024/HPX_financial_statements_2024_separate/HPX_financial_statements_2024_separate_extracted.txt,cash_flow_statement,394,394,33,5,,,auto-mapped
1,ann_8a3167298b314de403f919b61db7c40e3c686763637366c9443293bcedc72eba,doc_9ef996d29454c34e3c357b79fc5d9aacb45cb239534ad32a2d918e93f40ff007,GEE/2020/GEE_financial_statements_2020_separate/GEE_financial_statements_2020_separate_extracted.txt,cash_flow_statement,22,22,8,2,,,auto-mapped
1,ann_b49e868e075b7598229d21969304c7a049f72db5853a72bd8b8a4b40e437fd3e,doc_9ef996d29454c34e3c357b79fc5d9aacb45cb239534ad32a2d918e93f40ff007,GEE/2020/GEE_financial_statements_2020_separate/GEE_financial_statements_2020_separate_extracted.txt,cash_flow_statement,203,203,33,5,VND,,auto-mapped
1,ann_0dfa6f94cfa0b85368abac36031d98cf351ffa82aff223dfe27fc0c3f39961ff,doc_9ef996d29454c34e3c357b79fc5d9aacb45cb239534ad32a2d918e93f40ff007,GEE/2020/GEE_financial_statements_2020_separate/GEE_financial_statements_2020_separate_extracted.txt,cash_flow_statement,270,270,30,5,VND,,auto-mapped
1,ann_d5aa76e394ba538999531d25e21bacd0dc5db1ce459434f6a77376cd0813ea29,doc_9ef996d29454c34e3c357b79fc5d9aacb45cb239534ad32a2d918e93f40ff007,GEE/2020/GEE_financial_statements_2020_separate/GEE_financial_statements_2020_separate_extracted.txt,cash_flow_statement,286,286,5,5,VND,,auto-mapped
1,ann_d2c9e87ae357916aa51257485cb37d7efc86bdc56c72784520375ead398f9a9d,doc_a6bea827edb0c55e19bca861bf039b05224799f3efb4b3252b7d8b6e028c7a57,ACB/2022/ACB_financial_statements_2022_separate/ACB_financial_statements_2022_separate_extracted.txt,balance_sheet,160,160,38,5,,,auto-mapped
1,ann_427559b21deac48fb80f1e19aa2565e9e145f0136261b3d3df7a7812cf7a29b6,doc_a6bea827edb0c55e19bca861bf039b05224799f3efb4b3252b7d8b6e028c7a57,ACB/2022/ACB_financial_statements_2022_separate/ACB_financial_statements_2022_separate_extracted.txt,income_statement,177,177,25,5,,,auto-mapped
1,ann_780420aa87ac21688f325cd41402cb697d0871397bfe7137ba27ac89b07d7ec8,doc_a6bea827edb0c55e19bca861bf039b05224799f3efb4b3252b7d8b6e028c7a57,ACB/2022/ACB_financial_statements_2022_separate/ACB_financial_statements_2022_separate_extracted.txt,cash_flow_statement,1644,1644,16,6,,,auto-mapped
1,ann_8dc75a9c8c127344ab505d07009a95913c401f8c60fbd567f67a84398f923b43,doc_a6bea827edb0c55e19bca861bf039b05224799f3efb4b3252b7d8b6e028c7a57,ACB/2022/ACB_financial_statements_2022_separate/ACB_financial_statements_2022_separate_extracted.txt,cash_flow_statement,1648,1648,3,3,,,auto-mapped
1,ann_59af20b6d51f8d2153b3362aaad747ab3d4bf4a433c5095e5ba6ab5331c44705,doc_a6bea827edb0c55e19bca861bf039b05224799f3efb4b3252b7d8b6e028c7a57,ACB/2022/ACB_financial_statements_2022_separate/ACB_financial_statements_2022_separate_extracted.txt,cash_flow_statement,1665,1665,17,4,,,auto-mapped
1,ann_728528487d1fc081c09dfeb31cb1cbae07a16b9600f3ab56aa450d4125d84e73,doc_a6bea827edb0c55e19bca861bf039b05224799f3efb4b3252b7d8b6e028c7a57,ACB/2022/ACB_financial_statements_2022_separate/ACB_financial_statements_2022_separate_extracted.txt,cash_flow_statement,1852,1852,8,3,,,auto-mapped
1,ann_f33cbaf4b054efd89774c15b3572c703a85e7e33421514de7efcce5490729e3a,doc_a6bea827edb0c55e19bca861bf039b05224799f3efb4b3252b7d8b6e028c7a57,ACB/2022/ACB_financial_statements_2022_separate/ACB_financial_statements_2022_separate_extracted.txt,cash_flow_statement,1993,1993,14,3,,,auto-mapped
1,ann_1a51dac9f6e105eb9f882d1be83eface742eb9995d231072df2fc660c78ceee8,doc_a7f13a7605e4e3aedbec9c2c98888ccbdef7436569200078d5f697d680179ba8,FPT/2021/FPT_financial_statements_2021_consolidated/FPT_financial_statements_2021_consolidated_extracted.txt,balance_sheet,260,260,22,5,,,auto-mapped
1,ann_14aef5a45641c1e76963e0f262f87c927d2b5efee98bfa43227cc3dbdbab5fe9,doc_a7f13a7605e4e3aedbec9c2c98888ccbdef7436569200078d5f697d680179ba8,FPT/2021/FPT_financial_statements_2021_consolidated/FPT_financial_statements_2021_consolidated_extracted.txt,balance_sheet,273,273,30,5,,,auto-mapped
1,ann_7a8d31e6c4b1da293300db3f876831928165fbb30d8aa72977846d59ea080ac8,doc_a7f13a7605e4e3aedbec9c2c98888ccbdef7436569200078d5f697d680179ba8,FPT/2021/FPT_financial_statements_2021_consolidated/FPT_financial_statements_2021_consolidated_extracted.txt,income_statement,299,299,19,5,,,auto-mapped
1,ann_a5a1cb4c2696001718f3d6cf7c8a4a3b2806a708b2845a0689cf7221049757bf,doc_a7f13a7605e4e3aedbec9c2c98888ccbdef7436569200078d5f697d680179ba8,FPT/2021/FPT_financial_statements_2021_consolidated/FPT_financial_statements_2021_consolidated_extracted.txt,income_statement,323,323,25,5,,,auto-mapped
1,ann_ef37fdbed0f21db5dea7f04f6f6842c2827c2acc3de0c10ee19cd042135e9de5,doc_a7f13a7605e4e3aedbec9c2c98888ccbdef7436569200078d5f697d680179ba8,FPT/2021/FPT_financial_statements_2021_consolidated/FPT_financial_statements_2021_consolidated_extracted.txt,cash_flow_statement,341,341,27,4,,,auto-mapped
1,ann_4420557f33e67900b178b49c6727cb6290508c1d3e0d278c38be3d55c26bc164,doc_a7f13a7605e4e3aedbec9c2c98888ccbdef7436569200078d5f697d680179ba8,FPT/2021/FPT_financial_statements_2021_consolidated/FPT_financial_statements_2021_consolidated_extracted.txt,cash_flow_statement,356,356,13,5,,,auto-mapped
1,ann_e36afa935abaf4f8ee61fd07d7e9351bb3267e88951e6ffd6a51d07542c5d104,doc_ae1c28cdaca163c456724c253744cbd0a4c6c5432c845a1d0eb52f02057eb1ee,HDG/2017/HDG_financial_statements_2017_separate/HDG_financial_statements_2017_separate_extracted.txt,balance_sheet,128,128,20,5,,,auto-mapped
1,ann_13f4fb58228bf9b3eeec0c001df1e8a53a1cefa06b236136691783d3d9f89c23,doc_ae1c28cdaca163c456724c253744cbd0a4c6c5432c845a1d0eb52f02057eb1ee,HDG/2017/HDG_financial_statements_2017_separate/HDG_financial_statements_2017_separate_extracted.txt,balance_sheet,145,145,26,5,,,auto-mapped
1,ann_9d02ad15f4e245c4c5018ca00bf0b9b2f37b32594270f0a3d13cc06145fc0761,doc_ae1c28cdaca163c456724c253744cbd0a4c6c5432c845a1d0eb52f02057eb1ee,HDG/2017/HDG_financial_statements_2017_separate/HDG_financial_statements_2017_separate_extracted.txt,income_statement,162,162,31,5,,,auto-mapped
1,ann_544d6f1dc7dee9db9932e29102cf7186bb03fd93bcc6f738a971e2a365336a9c,doc_ae1c28cdaca163c456724c253744cbd0a4c6c5432c845a1d0eb52f02057eb1ee,HDG/2017/HDG_financial_statements_2017_separate/HDG_financial_statements_2017_separate_extracted.txt,income_statement,197,197,18,5,,,auto-mapped
1,ann_013b7ba0079411670829bf326ccbb1f5ab6ebb30a328127c064b7041fd53d8cd,doc_ae1c28cdaca163c456724c253744cbd0a4c6c5432c845a1d0eb52f02057eb1ee,HDG/2017/HDG_financial_statements_2017_separate/HDG_financial_statements_2017_separate_extracted.txt,cash_flow_statement,218,218,26,4,,,auto-mapped
1,ann_bd899d9153ef9420eecca4523fad0c170854f3b5580d7c390272fa9d0b58d739,doc_ae1c28cdaca163c456724c253744cbd0a4c6c5432c845a1d0eb52f02057eb1ee,HDG/2017/HDG_financial_statements_2017_separate/HDG_financial_statements_2017_separate_extracted.txt,cash_flow_statement,237,237,11,4,,,auto-mapped
1,ann_95efc5b9e119d4646197a0400f18338ae7fe6d1fbffe80684964757e2b7d18e1,doc_b37401eec7dfb4bd86c11928a90cffd606fe280c8d6e7dd4c0e8536976c7979b,VIC/2022/VIC_financial_statements_2022_separate/VIC_financial_statements_2022_separate_extracted.txt,balance_sheet,228,228,21,5,VND_million,,auto-mapped
1,ann_875f5740d2188b62ee63cb001a15ff66f74eeddb596dd248852336ba145fd58f,doc_b37401eec7dfb4bd86c11928a90cffd606fe280c8d6e7dd4c0e8536976c7979b,VIC/2022/VIC_financial_statements_2022_separate/VIC_financial_statements_2022_separate_extracted.txt,cash_flow_statement,245,245,27,5,VND_million,,auto-mapped
1,ann_ae607a41bd7304e4ff6b6344121df83b32e017ed0a1e5dcf5005bfbc7e1a8347,doc_b37401eec7dfb4bd86c11928a90cffd606fe280c8d6e7dd4c0e8536976c7979b,VIC/2022/VIC_financial_statements_2022_separate/VIC_financial_statements_2022_separate_extracted.txt,cash_flow_statement,323,323,26,5,VND_million,,auto-mapped
1,ann_695bd86ac86fdae4679f449b94f35c98d8d94ab9985418352bee3c83cddbbce0,doc_b37401eec7dfb4bd86c11928a90cffd606fe280c8d6e7dd4c0e8536976c7979b,VIC/2022/VIC_financial_statements_2022_separate/VIC_financial_statements_2022_separate_extracted.txt,cash_flow_statement,338,338,9,5,VND_million,,auto-mapped
1,ann_fccd1fde2510bbb0b2ba8c4ea892eb00a494ffc9c1dfbeeb3130f8f3b952e32d,doc_b3f76d26600355bdba09edc38cfd38f27299bce9228496f29f40df3f3a09a23c,DBC/2022/DBC_financial_statements_2022_consolidated/DBC_financial_statements_2022_consolidated_extracted.txt,cash_flow_statement,72,72,8,2,,,auto-mapped
1,ann_bf579b4e47f7a370ceaac88700ed76aab22781f4d82d027b54d1376023288d0d,doc_c4448eb688566a57d045e47744f0c9d157bb6c107be05f9b463bcdc8dbd00f3a,VIC/2020/VIC_financial_statements_2020_consolidated/VIC_financial_statements_2020_consolidated_extracted.txt,balance_sheet,235,235,22,5,VND_million,,auto-mapped
1,ann_68cee7e3771bc6f4689f060c824d486a6f0d8192f00b378e6eea76e91f06e0a9,doc_c4448eb688566a57d045e47744f0c9d157bb6c107be05f9b463bcdc8dbd00f3a,VIC/2020/VIC_financial_statements_2020_consolidated/VIC_financial_statements_2020_consolidated_extracted.txt,cash_flow_statement,252,252,28,5,,,auto-mapped
1,ann_38ce7df5fbb98812d131e3fcd0f51b926f0e85954b31f68cda3cc8c63e06e076,doc_c4448eb688566a57d045e47744f0c9d157bb6c107be05f9b463bcdc8dbd00f3a,VIC/2020/VIC_financial_statements_2020_consolidated/VIC_financial_statements_2020_consolidated_extracted.txt,cash_flow_statement,361,361,26,5,VND_million,,auto-mapped
1,ann_8f84bd08da8e2d997d50d5669fa8ff2707e687025dc1b7ceac9f42f89d4694de,doc_c4448eb688566a57d045e47744f0c9d157bb6c107be05f9b463bcdc8dbd00f3a,VIC/2020/VIC_financial_statements_2020_consolidated/VIC_financial_statements_2020_consolidated_extracted.txt,cash_flow_statement,376,376,12,5,VND_million,,auto-mapped
1,ann_e345f6003a521419159221a883ef939e61ca4a3c8438495a978a687a83c37249,doc_c6abaf23d7df797d2a10bcd1eab436045e51d656441f59d6b4bc189c09eac71e,VSF/2024/VSF_financial_statements_2024_consolidated/VSF_financial_statements_2024_consolidated_extracted.txt,balance_sheet,392,392,47,6,,,auto-mapped
1,ann_38cf9513bc5e6638f07d5859783d2f70571b9e083a42cc94e778940e1f8d2f39,doc_c6abaf23d7df797d2a10bcd1eab436045e51d656441f59d6b4bc189c09eac71e,VSF/2024/VSF_financial_statements_2024_consolidated/VSF_financial_statements_2024_consolidated_extracted.txt,balance_sheet,417,417,32,6,,,auto-mapped
1,ann_a1126b4f30e540a7b8239bab7fbe6f3408a24823c4f347ffb9d9c955b1d73475,doc_c6abaf23d7df797d2a10bcd1eab436045e51d656441f59d6b4bc189c09eac71e,VSF/2024/VSF_financial_statements_2024_consolidated/VSF_financial_statements_2024_consolidated_extracted.txt,income_statement,450,450,23,6,,,auto-mapped
1,ann_ed8bd1e735d32339d321938fd97140bde37c908d5e40277cf271219654a8ccb9,doc_c6abaf23d7df797d2a10bcd1eab436045e51d656441f59d6b4bc189c09eac71e,VSF/2024/VSF_financial_statements_2024_consolidated/VSF_financial_statements_2024_consolidated_extracted.txt,cash_flow_statement,483,483,30,6,,,auto-mapped
1,ann_2a2e8471c6cbb166652942be8d40f9a8b3245d99e46de3bdf550ce1d9efe1fb5,doc_c6abaf23d7df797d2a10bcd1eab436045e51d656441f59d6b4bc189c09eac71e,VSF/2024/VSF_financial_statements_2024_consolidated/VSF_financial_statements_2024_consolidated_extracted.txt,cash_flow_statement,510,510,5,4,,,auto-mapped
1,ann_385610f747533b71629b843ad90e9ad64b0a9456381379d04502e0d7b739aa41,doc_c928b5eadf760242a44417493d193111376e7c1fcda4d5f08bbcdcef29a1cf51,DBC/2015/DBC_financial_statements_2015_separate/DBC_financial_statements_2015_separate_extracted.txt,balance_sheet,260,260,34,5,VND,,auto-mapped
1,ann_ca646de0e5d26cdea76d1da83a32ff1c204e0da39541ce6597bf03a34daf561f,doc_c928b5eadf760242a44417493d193111376e7c1fcda4d5f08bbcdcef29a1cf51,DBC/2015/DBC_financial_statements_2015_separate/DBC_financial_statements_2015_separate_extracted.txt,income_statement,275,275,24,5,VND,,auto-mapped
1,ann_4f0650badff1d0fb9cba89abe9c9f8046afdaa4703a748da7a3437447b2aecdb,doc_c928b5eadf760242a44417493d193111376e7c1fcda4d5f08bbcdcef29a1cf51,DBC/2015/DBC_financial_statements_2015_separate/DBC_financial_statements_2015_separate_extracted.txt,income_statement,302,302,18,5,VND,,auto-mapped
1,ann_9c03d44aa3a5a98e6b2edd213afabd5add9be91de8b6dec5e951ae68fa3b6fb4,doc_c928b5eadf760242a44417493d193111376e7c1fcda4d5f08bbcdcef29a1cf51,DBC/2015/DBC_financial_statements_2015_separate/DBC_financial_statements_2015_separate_extracted.txt,cash_flow_statement,331,331,31,5,VND,,auto-mapped
1,ann_bf5335692ee9245808359736649647d53a6c925fb59594bf7cdef3b45c1a3655,doc_c928b5eadf760242a44417493d193111376e7c1fcda4d5f08bbcdcef29a1cf51,DBC/2015/DBC_financial_statements_2015_separate/DBC_financial_statements_2015_separate_extracted.txt,cash_flow_statement,348,348,5,5,VND,,auto-mapped
1,ann_4f57d162531162efde93d012d9611c83ef2870ad121a0db1959e940664e5253a,doc_cb4da33573560c14ae945c268c381f58382a06f827c78146b2018aec627d5f33,NLG/2020/NLG_financial_statements_2020_separate/NLG_financial_statements_2020_separate_extracted.txt,cash_flow_statement,13,13,8,2,,,auto-mapped
1,ann_0ffa2e274e7a9a16cf37edcd6febf9726e0cf1b451cd34277761f043ec56de83,doc_cb4da33573560c14ae945c268c381f58382a06f827c78146b2018aec627d5f33,NLG/2020/NLG_financial_statements_2020_separate/NLG_financial_statements_2020_separate_extracted.txt,cash_flow_statement,197,197,40,5,,,auto-mapped
1,ann_fe0818af8c79b3941c5598acd048dbe10351a594089120b6ee7ac8e26351c2f1,doc_cb4da33573560c14ae945c268c381f58382a06f827c78146b2018aec627d5f33,NLG/2020/NLG_financial_statements_2020_separate/NLG_financial_statements_2020_separate_extracted.txt,cash_flow_statement,255,255,28,5,,,auto-mapped
1,ann_88d567c050a34d554d00fe39f8f88fa48c238ae156887000497db0b476bebba1,doc_cb4da33573560c14ae945c268c381f58382a06f827c78146b2018aec627d5f33,NLG/2020/NLG_financial_statements_2020_separate/NLG_financial_statements_2020_separate_extracted.txt,cash_flow_statement,270,270,4,5,,,auto-mapped
1,ann_a12be45dd99e0822d789b9ab878d955b28540d25b816679093a8d954da116454,doc_dccc39b21de8ba012f81d9c22e2a8c9718d653e2c646ae3f57ac80f04faa6b30,MWG/2017/MWG_financial_statements_2017_consolidated/MWG_financial_statements_2017_consolidated_extracted.txt,cash_flow_statement,13,13,8,2,,,auto-mapped
1,ann_2b0534a03c187014e9f5600dd38a77f4d37dd13b02f0759afc822ed514f58c81,doc_dccc39b21de8ba012f81d9c22e2a8c9718d653e2c646ae3f57ac80f04faa6b30,MWG/2017/MWG_financial_statements_2017_consolidated/MWG_financial_statements_2017_consolidated_extracted.txt,cash_flow_statement,202,202,34,5,,,auto-mapped
1,ann_176bbab962754e0afdff25c7ee3e9ebf1268b18f7562f06fecda980ff5587d53,doc_dccc39b21de8ba012f81d9c22e2a8c9718d653e2c646ae3f57ac80f04faa6b30,MWG/2017/MWG_financial_statements_2017_consolidated/MWG_financial_statements_2017_consolidated_extracted.txt,cash_flow_statement,269,269,31,5,,,auto-mapped
1,ann_3ff9d1d7d4198cfe8997d8872883a96043a605697f00d5517b997a3f9adeebbb,doc_dda5d3da92f3bced79d40aea32f681f7386ee5e05eeaf84c9c79f3fb207868be,POW/2021/POW_financial_statements_2021_consolidated/POW_financial_statements_2021_consolidated_extracted.txt,balance_sheet,269,269,45,6,VND,,auto-mapped
1,ann_5ed50a960b2dace8728833b7010960551c0e8e2aae7a72ffe656a4bdd3ba7f4c,doc_dda5d3da92f3bced79d40aea32f681f7386ee5e05eeaf84c9c79f3fb207868be,POW/2021/POW_financial_statements_2021_consolidated/POW_financial_statements_2021_consolidated_extracted.txt,balance_sheet,459,459,18,2,,,auto-mapped
1,ann_d48ec2286864285504c671ddcbef6421d3c0b92d3f31f8d3c39362bed7957128,doc_dda5d3da92f3bced79d40aea32f681f7386ee5e05eeaf84c9c79f3fb207868be,POW/2021/POW_financial_statements_2021_consolidated/POW_financial_statements_2021_consolidated_extracted.txt,income_statement,492,492,10,5,,,auto-mapped
1,ann_7d247ffb8650dd3588a785aa74372fd201069391275cc8dba168cf71d8735257,doc_dda5d3da92f3bced79d40aea32f681f7386ee5e05eeaf84c9c79f3fb207868be,POW/2021/POW_financial_statements_2021_consolidated/POW_financial_statements_2021_consolidated_extracted.txt,cash_flow_statement,940,940,22,7,,,auto-mapped
1,ann_6c1776b5483493b105f8be9bef506bd4256646fa94929f62550cf64b26e2622e,doc_dda5d3da92f3bced79d40aea32f681f7386ee5e05eeaf84c9c79f3fb207868be,POW/2021/POW_financial_statements_2021_consolidated/POW_financial_statements_2021_consolidated_extracted.txt,cash_flow_statement,957,957,18,5,,,auto-mapped
1,ann_29ba7315b009eaad111649d5ef4ef41f83557f3a22b1390b24f060865784865e,doc_e03188737d522b3f088f991a1ec5fdc8e429e54c982784e51652d35ec5cc0073,GEX/2017/GEX_financial_statements_2017_consolidated/GEX_financial_statements_2017_consolidated_extracted.txt,balance_sheet,287,287,23,5,VND,,auto-mapped
1,ann_e790ae5772253197845bb8364b3ddd49deadedc43f889c7ade673d7cfb724610,doc_e03188737d522b3f088f991a1ec5fdc8e429e54c982784e51652d35ec5cc0073,GEX/2017/GEX_financial_statements_2017_consolidated/GEX_financial_statements_2017_consolidated_extracted.txt,cash_flow_statement,302,302,29,5,VND,,auto-mapped
1,ann_daa858ab1ef93f0a2d0f1fc228dc452c15db8d528d5394c1791ff2eddbeec01e,doc_e03188737d522b3f088f991a1ec5fdc8e429e54c982784e51652d35ec5cc0073,GEX/2017/GEX_financial_statements_2017_consolidated/GEX_financial_statements_2017_consolidated_extracted.txt,cash_flow_statement,384,384,28,5,VND,,auto-mapped
1,ann_0931dc17c349106ee16c6eb4f59486fba4d1c73c62a610ffdd57eae08cf132fe,doc_e03188737d522b3f088f991a1ec5fdc8e429e54c982784e51652d35ec5cc0073,GEX/2017/GEX_financial_statements_2017_consolidated/GEX_financial_statements_2017_consolidated_extracted.txt,cash_flow_statement,401,401,14,5,VND,,auto-mapped
1,ann_665cac387193ccee20c5f8c8ba43004fb7633e73025cc01aa490e30982c9ef7d,doc_e4cffbe229c9df59a21e17be1aa356f0b16488b6815e8edf292b7a6f193683fc,POW/2023/POW_financial_statements_2023_consolidated/POW_financial_statements_2023_consolidated_extracted.txt,balance_sheet,320,320,38,6,VND,,auto-mapped
1,ann_d1f6344cd91d4a6953b562c662fc3a334f97aebd892f5fabd212b3a3b46b6cb6,doc_e4cffbe229c9df59a21e17be1aa356f0b16488b6815e8edf292b7a6f193683fc,POW/2023/POW_financial_statements_2023_consolidated/POW_financial_statements_2023_consolidated_extracted.txt,income_statement,347,347,189,6,VND,,auto-mapped
1,ann_cf1288d78dacdcc282d1025d29f01147fdf0791f1bf96335918ddac1902ef81f,doc_e4cffbe229c9df59a21e17be1aa356f0b16488b6815e8edf292b7a6f193683fc,POW/2023/POW_financial_statements_2023_consolidated/POW_financial_statements_2023_consolidated_extracted.txt,cash_flow_statement,419,419,28,5,VND,,auto-mapped
1,ann_4f829a26982751f27de36a83eade65a80ef740c7e69fe8c05a7a9348cb6e1c73,doc_e4cffbe229c9df59a21e17be1aa356f0b16488b6815e8edf292b7a6f193683fc,POW/2023/POW_financial_statements_2023_consolidated/POW_financial_statements_2023_consolidated_extracted.txt,cash_flow_statement,448,448,11,5,VND,,auto-mapped
1,ann_b8c7e8795dbf142bdbb85ef197b749a0d1c31f74a73129f7880ab783713e4bef,doc_ea1d8b3a94793217e17fd0de219275e178f5238c7aeeda6877c50105b2e9e8c4,MWG/2021/MWG_financial_statements_2021_separate/MWG_financial_statements_2021_separate_extracted.txt,balance_sheet,189,189,18,5,,,auto-mapped
1,ann_5ba44a1f4a8731d489e112c1bc8f4cfe807998449ba2451329612c1cd781289c,doc_ea1d8b3a94793217e17fd0de219275e178f5238c7aeeda6877c50105b2e9e8c4,MWG/2021/MWG_financial_statements_2021_separate/MWG_financial_statements_2021_separate_extracted.txt,income_statement,205,205,19,5,,,auto-mapped
1,ann_701ddc87344c0da4d8bf9886f6bf00cc14529e5cbf1a057ba7eccf5ff8d103fd,doc_ea1d8b3a94793217e17fd0de219275e178f5238c7aeeda6877c50105b2e9e8c4,MWG/2021/MWG_financial_statements_2021_separate/MWG_financial_statements_2021_separate_extracted.txt,income_statement,222,222,11,5,,,auto-mapped
1,ann_afd0954fc7c65c97cc66e15dc4d308f5cd62eecaf9178dbab662a892186cff93,doc_ea1d8b3a94793217e17fd0de219275e178f5238c7aeeda6877c50105b2e9e8c4,MWG/2021/MWG_financial_statements_2021_separate/MWG_financial_statements_2021_separate_extracted.txt,cash_flow_statement,239,239,29,5,,,auto-mapped
1,ann_a1bbbfff8b162c962abfedfee08b3d8eb1772d411cdd41717aae6b81dd9100b6,doc_eacbc7ceab65c68f8631b2cae1663c1390d55e5891ad8ce71ceb62ec0731249f,KHG/2023/KHG_financial_statements_2023_separate/KHG_financial_statements_2023_separate_extracted.txt,balance_sheet,202,202,34,5,VND,,auto-mapped
1,ann_4af68c2201a7c8e2ddbf8ba87a6b4d3ab56701cdf14b64f0f0e1222d434c85a1,doc_eacbc7ceab65c68f8631b2cae1663c1390d55e5891ad8ce71ceb62ec0731249f,KHG/2023/KHG_financial_statements_2023_separate/KHG_financial_statements_2023_separate_extracted.txt,income_statement,217,217,22,5,VND,,auto-mapped
1,ann_05e1ab051fc07218831d648f5546590e9901cc55be1dec7ae5ac0a124ea7456f,doc_eacbc7ceab65c68f8631b2cae1663c1390d55e5891ad8ce71ceb62ec0731249f,KHG/2023/KHG_financial_statements_2023_separate/KHG_financial_statements_2023_separate_extracted.txt,income_statement,244,244,19,5,VND,,auto-mapped
1,ann_848bd9a18042912a728b077363030f32d093307c597ce97be1126613fe79c2a9,doc_eacbc7ceab65c68f8631b2cae1663c1390d55e5891ad8ce71ceb62ec0731249f,KHG/2023/KHG_financial_statements_2023_separate/KHG_financial_statements_2023_separate_extracted.txt,cash_flow_statement,273,273,28,4,VND,,auto-mapped
1,ann_4d96a204115343416ea3a241b58c3db591b960d89b2463a47d0d5fb1d27e6ad3,doc_ebbe87c5dd6255704ae6a5dd3db13314185e392cdc1099a1a53de11add8b43d0,HDG/2019/HDG_financial_statements_2019_separate/HDG_financial_statements_2019_separate_extracted.txt,balance_sheet,180,180,21,5,,,auto-mapped
1,ann_17b2295c77402de5a94fc832e068e86055e454d302bd9c7ccfb2c666e4817e1f,doc_ebbe87c5dd6255704ae6a5dd3db13314185e392cdc1099a1a53de11add8b43d0,HDG/2019/HDG_financial_statements_2019_separate/HDG_financial_statements_2019_separate_extracted.txt,balance_sheet,199,199,25,5,,,auto-mapped
1,ann_71f3909e049b6fc0a5ba349edce0c68747daada33e552aa2b95d61ef861eadab,doc_ebbe87c5dd6255704ae6a5dd3db13314185e392cdc1099a1a53de11add8b43d0,HDG/2019/HDG_financial_statements_2019_separate/HDG_financial_statements_2019_separate_extracted.txt,income_statement,218,218,30,5,,,auto-mapped
1,ann_236e9873b25573374442f6f5739785b13ad7bc49bf2ae57c10c60f7406103987,doc_ebbe87c5dd6255704ae6a5dd3db13314185e392cdc1099a1a53de11add8b43d0,HDG/2019/HDG_financial_statements_2019_separate/HDG_financial_statements_2019_separate_extracted.txt,income_statement,249,249,16,5,,,auto-mapped
1,ann_37ca53dc58ef55d86d1bd7f1f8d6e4d6215da17fd3f4a151d3c86e585e742be1,doc_ebbe87c5dd6255704ae6a5dd3db13314185e392cdc1099a1a53de11add8b43d0,HDG/2019/HDG_financial_statements_2019_separate/HDG_financial_statements_2019_separate_extracted.txt,cash_flow_statement,270,270,28,4,,,auto-mapped
1,ann_2ad0259e7a908c866fc2cd5b3daa1e430d2d1d01414552d07c732f340d72ae86,doc_ebbe87c5dd6255704ae6a5dd3db13314185e392cdc1099a1a53de11add8b43d0,HDG/2019/HDG_financial_statements_2019_separate/HDG_financial_statements_2019_separate_extracted.txt,cash_flow_statement,291,291,11,4,,,auto-mapped
1,ann_5c8ff104de4efe692f51629790ec50f37fa80f400b7bd70c5d540bb3323733ce,doc_ed7907043d932bcbe0f702ca19d94d2bce2ec8f3b99be10f85504ad53d8ac0eb,HPX/2022/HPX_financial_statements_2022_separate/HPX_financial_statements_2022_separate_extracted.txt,balance_sheet,315,315,41,6,,,auto-mapped
1,ann_f3e568a5d5ec347598af15905e8198a5934b925edccc3c95a081a19c8e0757de,doc_ed7907043d932bcbe0f702ca19d94d2bce2ec8f3b99be10f85504ad53d8ac0eb,HPX/2022/HPX_financial_statements_2022_separate/HPX_financial_statements_2022_separate_extracted.txt,income_statement,338,338,24,6,,,auto-mapped
1,ann_12e400214d9fea9d777b6559be82801edb749b1ec9f805a3ad31c1516fe77916,doc_ed7907043d932bcbe0f702ca19d94d2bce2ec8f3b99be10f85504ad53d8ac0eb,HPX/2022/HPX_financial_statements_2022_separate/HPX_financial_statements_2022_separate_extracted.txt,cash_flow_statement,1045,1045,15,5,VND,,auto-mapped
1,ann_0885badbd15a2ed9f82b29c65053e3e23fbdb3e39d37ff17b3770754fb73b2be,doc_f204acc195a57df6f8838aba32bfcef5372e9bae45ec3b92420ec03d1fe759f0,NLG/2024/NLG_financial_statements_2024_consolidated/NLG_financial_statements_2024_consolidated_extracted.txt,balance_sheet,200,200,20,5,,,auto-mapped
1,ann_e7f361bfb2d30db6e04281546f26b573f1bf01b8f22ea5bb7e15b4a6513b453b,doc_f204acc195a57df6f8838aba32bfcef5372e9bae45ec3b92420ec03d1fe759f0,NLG/2024/NLG_financial_statements_2024_consolidated/NLG_financial_statements_2024_consolidated_extracted.txt,cash_flow_statement,217,217,24,5,,,auto-mapped
1,ann_9ee59814ca2a6868a55696f1ff4b2c96adfaa0fad53e35de333e6245d405f7b2,doc_f204acc195a57df6f8838aba32bfcef5372e9bae45ec3b92420ec03d1fe759f0,NLG/2024/NLG_financial_statements_2024_consolidated/NLG_financial_statements_2024_consolidated_extracted.txt,cash_flow_statement,282,282,24,5,,,auto-mapped
1,ann_18dea8200cbfaebbe6c6820af0d4574193c89251741eed43c794c1c36533b004,doc_f204acc195a57df6f8838aba32bfcef5372e9bae45ec3b92420ec03d1fe759f0,NLG/2024/NLG_financial_statements_2024_consolidated/NLG_financial_statements_2024_consolidated_extracted.txt,cash_flow_statement,297,297,9,5,,,auto-mapped
1,ann_701b5f6fae07e82df24cf3e3c19c9947d089afd9d2e6b3e0212635fe77016e25,doc_f7739af02eb7572d7d0d29ecb7b939022783d4b2de92552d850d63e1bfe93356,FPT/2020/FPT_financial_statements_2020_consolidated/FPT_financial_statements_2020_consolidated_extracted.txt,balance_sheet,326,326,29,6,VND,,auto-mapped
1,ann_15d74ee785ef3a96bb5ed5e1882c224d313a232ba67c8f988685235c17c5cb0c,doc_f7739af02eb7572d7d0d29ecb7b939022783d4b2de92552d850d63e1bfe93356,FPT/2020/FPT_financial_statements_2020_consolidated/FPT_financial_statements_2020_consolidated_extracted.txt,income_statement,380,380,18,5,,,auto-mapped
1,ann_c8aa2fa3198e57ca1e5dd11232845cc6199c182b82f24a0c49a8755ff120dcfa,doc_f7739af02eb7572d7d0d29ecb7b939022783d4b2de92552d850d63e1bfe93356,FPT/2020/FPT_financial_statements_2020_consolidated/FPT_financial_statements_2020_consolidated_extracted.txt,income_statement,418,418,24,5,VND,,auto-mapped
1,ann_b55cb481f457a7d4b184b0975f42eab100356c53e34267b7ad043d58c006017a,doc_f7739af02eb7572d7d0d29ecb7b939022783d4b2de92552d850d63e1bfe93356,FPT/2020/FPT_financial_statements_2020_consolidated/FPT_financial_statements_2020_consolidated_extracted.txt,cash_flow_statement,456,456,27,4,VND,,auto-mapped
1,ann_8f42787b41be9c63bbd9d494193cfbe0bdb623c23d356ffd95de4bf180e1b71a,doc_f7739af02eb7572d7d0d29ecb7b939022783d4b2de92552d850d63e1bfe93356,FPT/2020/FPT_financial_statements_2020_consolidated/FPT_financial_statements_2020_consolidated_extracted.txt,cash_flow_statement,485,485,13,4,VND,,auto-mapped
1,ann_9b7569e959299dca00ef42315063416a10a405abb6fb8c8f10c117977607f4c9,doc_f808747ee56e200b3e408baa6e430cb1c248a76adf202f09447a33b03a8671c9,HSG/2017/HSG_financial_statements_2017_separate/HSG_financial_statements_2017_separate_extracted.txt,cash_flow_statement,13,13,8,2,,,auto-mapped
1,ann_0c3ed64d73d05bffc7499c39e1552c20ba0140084224c180bf9c759336072b47,doc_f808747ee56e200b3e408baa6e430cb1c248a76adf202f09447a33b03a8671c9,HSG/2017/HSG_financial_statements_2017_separate/HSG_financial_statements_2017_separate_extracted.txt,cash_flow_statement,185,185,42,5,,,auto-mapped
1,ann_d468f7eb1ffa65460e8b19f89dd026cf13e19585bc886ace0a3aa841ad19fb10,doc_f808747ee56e200b3e408baa6e430cb1c248a76adf202f09447a33b03a8671c9,HSG/2017/HSG_financial_statements_2017_separate/HSG_financial_statements_2017_separate_extracted.txt,cash_flow_statement,254,254,23,5,,,auto-mapped
1,ann_b04ad9b4095492c4e271556873272862d12b898f500d6ba1f1335c338991ae26,doc_f808747ee56e200b3e408baa6e430cb1c248a76adf202f09447a33b03a8671c9,HSG/2017/HSG_financial_statements_2017_separate/HSG_financial_statements_2017_separate_extracted.txt,cash_flow_statement,269,269,13,5,,,auto-mapped
1,ann_4a6e13bf4fe0445f825c2f521ae7ad74dd7aa049a2e7f312f769640cf06699cd,doc_f817eefacf9c3e67c5298f0fc09ac6e0276d74c2a640fc5b1adc20beb8b60a8e,HDB/2020/HDB_financial_statements_2020_separate/HDB_financial_statements_2020_separate_extracted.txt,balance_sheet,203,203,36,4,,,auto-mapped
1,ann_a8cb6f2e002edaae3255237114c31fc16d44edf93bf9bc43e3287b9c082bb848,doc_f817eefacf9c3e67c5298f0fc09ac6e0276d74c2a640fc5b1adc20beb8b60a8e,HDB/2020/HDB_financial_statements_2020_separate/HDB_financial_statements_2020_separate_extracted.txt,balance_sheet,218,218,25,4,,,auto-mapped
1,ann_67d485a43d3e434a138a835aa3625537644f1ae5ccdf4c6f472597d95c7f9852,doc_f817eefacf9c3e67c5298f0fc09ac6e0276d74c2a640fc5b1adc20beb8b60a8e,HDB/2020/HDB_financial_statements_2020_separate/HDB_financial_statements_2020_separate_extracted.txt,balance_sheet,235,235,10,4,,,auto-mapped
1,ann_8bacbda6ed59d0ead06bd4f7f715d9d7c7dd68a14618fdea3f94f0a669c32ca3,doc_f817eefacf9c3e67c5298f0fc09ac6e0276d74c2a640fc5b1adc20beb8b60a8e,HDB/2020/HDB_financial_statements_2020_separate/HDB_financial_statements_2020_separate_extracted.txt,cash_flow_statement,256,256,26,4,,,auto-mapped
1,ann_86150e2e0fcba18fb672bf08695aca490fcc6e9ec4904cdf9b001ffc9a714905,doc_f817eefacf9c3e67c5298f0fc09ac6e0276d74c2a640fc5b1adc20beb8b60a8e,HDB/2020/HDB_financial_statements_2020_separate/HDB_financial_statements_2020_separate_extracted.txt,cash_flow_statement,279,279,34,4,,,auto-mapped
1,ann_9ef8566be3a377fdae572436e811053bd72e17929fc5b97c0eba6fd011d2ba28,doc_f8d04549ec29f6921bedf4fd3dcdf9686aca2ea18cb554bf0d57c0c6d7ef7d62,ACB/2023/ACB_financial_statements_2023_consolidated/ACB_financial_statements_2023_consolidated_extracted.txt,balance_sheet,133,133,39,5,,,auto-mapped
1,ann_91502a5644c3c2613ec26b446fd3159e20277729348a7a0f716bbb124e7a17ef,doc_f8d04549ec29f6921bedf4fd3dcdf9686aca2ea18cb554bf0d57c0c6d7ef7d62,ACB/2023/ACB_financial_statements_2023_consolidated/ACB_financial_statements_2023_consolidated_extracted.txt,income_statement,152,152,26,5,,,auto-mapped
1,ann_40fd1e5b768cc170d2efbe5882776ec4ea28a7d0c56a6fe2e63561e0f476c635,doc_f8d04549ec29f6921bedf4fd3dcdf9686aca2ea18cb554bf0d57c0c6d7ef7d62,ACB/2023/ACB_financial_statements_2023_consolidated/ACB_financial_statements_2023_consolidated_extracted.txt,cash_flow_statement,1826,1826,3,3,,,auto-mapped
1,ann_dca19eee353d7b5e6163aac18efc9addb352c68dcbc3ebef9ac3277f4e459893,doc_f8d04549ec29f6921bedf4fd3dcdf9686aca2ea18cb554bf0d57c0c6d7ef7d62,ACB/2023/ACB_financial_statements_2023_consolidated/ACB_financial_statements_2023_consolidated_extracted.txt,cash_flow_statement,1842,1842,20,4,,,auto-mapped
1,ann_b5d58ed95f31f57140dff9231602b3fdf9681d65aef12163259af63cc1a36a49,doc_f8d04549ec29f6921bedf4fd3dcdf9686aca2ea18cb554bf0d57c0c6d7ef7d62,ACB/2023/ACB_financial_statements_2023_consolidated/ACB_financial_statements_2023_consolidated_extracted.txt,cash_flow_statement,2026,2026,8,3,,,auto-mapped
1,ann_43d565d514605b567353705f7d0a180335c794459b733d32a73fd7bb18ae88b1,doc_f8d04549ec29f6921bedf4fd3dcdf9686aca2ea18cb554bf0d57c0c6d7ef7d62,ACB/2023/ACB_financial_statements_2023_consolidated/ACB_financial_statements_2023_consolidated_extracted.txt,cash_flow_statement,2172,2172,14,3,,,auto-mapped
1,ann_c7ff68c1d69da57098520c59613e600fe9eb57b6ab376ca0421fb78eb214eb97,doc_fcf7590fc2cb5abba93f1fa626117358810c32c0a7d8d9f3855a827a402938a1,MSB/2018/MSB_financial_statements_2018_consolidated/MSB_financial_statements_2018_consolidated_extracted.txt,balance_sheet,229,229,21,5,,,auto-mapped
1,ann_a43af896eeeb5f88514643b8354a1d737eeaf0ce839f29ffe43d66c61967037f,doc_fcf7590fc2cb5abba93f1fa626117358810c32c0a7d8d9f3855a827a402938a1,MSB/2018/MSB_financial_statements_2018_consolidated/MSB_financial_statements_2018_consolidated_extracted.txt,balance_sheet,250,250,12,5,,,auto-mapped
1,ann_d7efea0dd3058092746680f42131891a23210aae765764414e8e57a4842675d4,doc_fcf7590fc2cb5abba93f1fa626117358810c32c0a7d8d9f3855a827a402938a1,MSB/2018/MSB_financial_statements_2018_consolidated/MSB_financial_statements_2018_consolidated_extracted.txt,income_statement,256,256,8,5,,,auto-mapped
1,ann_814a02ae820c24382844818b58d7fb56cb763ccc423288cf8663a12f695e6e59,doc_fcf7590fc2cb5abba93f1fa626117358810c32c0a7d8d9f3855a827a402938a1,MSB/2018/MSB_financial_statements_2018_consolidated/MSB_financial_statements_2018_consolidated_extracted.txt,cash_flow_statement,314,314,26,4,,,auto-mapped
