annotation_schema_version,dataset_fingerprint,source_manifest_sha256,doc_id,relative_path,company_code,report_year,statement_scope
1,37a61be7aebde1fbcfe3aca42e6ba4ff37ae87bdd1a9ba6696506bcd188e7d1f,924d165211c63bbfc718b790f217ec356f80236e21fa0d8aa2acb497e186a5cf,doc_5a553261aedcfdc7ba2e23e1f70d95f19983152f7034dbcfd98522913a23e90e,ACB/2015/ACB_financial_statements_2015_separate/ACB_financial_statements_2015_separate_extracted.txt,ACB,2015,separate
1,37a61be7aebde1fbcfe3aca42e6ba4ff37ae87bdd1a9ba6696506bcd188e7d1f,924d165211c63bbfc718b790f217ec356f80236e21fa0d8aa2acb497e186a5cf,doc_a6bea827edb0c55e19bca861bf039b05224799f3efb4b3252b7d8b6e028c7a57,ACB/2022/ACB_financial_statements_2022_separate/ACB_financial_statements_2022_separate_extracted.txt,ACB,2022,separate
1,37a61be7aebde1fbcfe3aca42e6ba4ff37ae87bdd1a9ba6696506bcd188e7d1f,924d165211c63bbfc718b790f217ec356f80236e21fa0d8aa2acb497e186a5cf,doc_f8d04549ec29f6921bedf4fd3dcdf9686aca2ea18cb554bf0d57c0c6d7ef7d62,ACB/2023/ACB_financial_statements_2023_consolidated/ACB_financial_statements_2023_consolidated_extracted.txt,ACB,2023,consolidated
1,37a61be7aebde1fbcfe3aca42e6ba4ff37ae87bdd1a9ba6696506bcd188e7d1f,924d165211c63bbfc718b790f217ec356f80236e21fa0d8aa2acb497e186a5cf,doc_65cef4c780f3d67527bcf022f5295ba71a96e3b647a09bc95f2b6704401895f0,CTG/2016/CTG_financial_statements_2016_consolidated/CTG_financial_statements_2016_consolidated_extracted.txt,CTG,2016,consolidated
1,37a61be7aebde1fbcfe3aca42e6ba4ff37ae87bdd1a9ba6696506bcd188e7d1f,924d165211c63bbfc718b790f217ec356f80236e21fa0d8aa2acb497e186a5cf,doc_52cc94f1838d023d7a95b9ca14d962a6bb96fb28fd951e643e9854477c1b51e7,CTG/2022/CTG_financial_statements_2022_consolidated/CTG_financial_statements_2022_consolidated_extracted.txt,CTG,2022,consolidated
1,37a61be7aebde1fbcfe3aca42e6ba4ff37ae87bdd1a9ba6696506bcd188e7d1f,924d165211c63bbfc718b790f217ec356f80236e21fa0d8aa2acb497e186a5cf,doc_7682774b9f3e42435e71b8862699740e3b93390424b7b1f04b5e79ac20880559,CTG/2025/CTG_financial_statements_2025_consolidated/CTG_financial_statements_2025_consolidated_extracted.txt,CTG,2025,consolidated
1,37a61be7aebde1fbcfe3aca42e6ba4ff37ae87bdd1a9ba6696506bcd188e7d1f,924d165211c63bbfc718b790f217ec356f80236e21fa0d8aa2acb497e186a5cf,doc_c928b5eadf760242a44417493d193111376e7c1fcda4d5f08bbcdcef29a1cf51,DBC/2015/DBC_financial_statements_2015_separate/DBC_financial_statements_2015_separate_extracted.txt,DBC,2015,separate
1,37a61be7aebde1fbcfe3aca42e6ba4ff37ae87bdd1a9ba6696506bcd188e7d1f,924d165211c63bbfc718b790f217ec356f80236e21fa0d8aa2acb497e186a5cf,doc_317968435138a46a393dcbabc81329e37b7d7600a784bee8551a19578598c039,DBC/2017/DBC_financial_statements_2017_separate/DBC_financial_statements_2017_separate_extracted.txt,DBC,2017,separate
1,37a61be7aebde1fbcfe3aca42e6ba4ff37ae87bdd1a9ba6696506bcd188e7d1f,924d165211c63bbfc718b790f217ec356f80236e21fa0d8aa2acb497e186a5cf,doc_b3f76d26600355bdba09edc38cfd38f27299bce9228496f29f40df3f3a09a23c,DBC/2022/DBC_financial_statements_2022_consolidated/DBC_financial_statements_2022_consolidated_extracted.txt,DBC,2022,consolidated
1,37a61be7aebde1fbcfe3aca42e6ba4ff37ae87bdd1a9ba6696506bcd188e7d1f,924d165211c63bbfc718b790f217ec356f80236e21fa0d8aa2acb497e186a5cf,doc_767612e8342e4558c1ebc9ddc18a47145e052ad707328b9ced883d5555318fae,FPT/2016/FPT_financial_statements_2016_separate/FPT_financial_statements_2016_separate_extracted.txt,FPT,2016,separate
1,37a61be7aebde1fbcfe3aca42e6ba4ff37ae87bdd1a9ba6696506bcd188e7d1f,924d165211c63bbfc718b790f217ec356f80236e21fa0d8aa2acb497e186a5cf,doc_f7739af02eb7572d7d0d29ecb7b939022783d4b2de92552d850d63e1bfe93356,FPT/2020/FPT_financial_statements_2020_consolidated/FPT_financial_statements_2020_consolidated_extracted.txt,FPT,2020,consolidated
1,37a61be7aebde1fbcfe3aca42e6ba4ff37ae87bdd1a9ba6696506bcd188e7d1f,924d165211c63bbfc718b790f217ec356f80236e21fa0d8aa2acb497e186a5cf,doc_a7f13a7605e4e3aedbec9c2c98888ccbdef7436569200078d5f697d680179ba8,FPT/2021/FPT_financial_statements_2021_consolidated/FPT_financial_statements_2021_consolidated_extracted.txt,FPT,2021,consolidated
1,37a61be7aebde1fbcfe3aca42e6ba4ff37ae87bdd1a9ba6696506bcd188e7d1f,924d165211c63bbfc718b790f217ec356f80236e21fa0d8aa2acb497e186a5cf,doc_9ef996d29454c34e3c357b79fc5d9aacb45cb239534ad32a2d918e93f40ff007,GEE/2020/GEE_financial_statements_2020_separate/GEE_financial_statements_2020_separate_extracted.txt,GEE,2020,separate
1,37a61be7aebde1fbcfe3aca42e6ba4ff37ae87bdd1a9ba6696506bcd188e7d1f,924d165211c63bbfc718b790f217ec356f80236e21fa0d8aa2acb497e186a5cf,doc_4b4f4585162bad157e0b50e8b47dd401c461fad6eae658b791246875aa679cd0,GEE/2021/GEE_financial_statements_2021_consolidated/GEE_financial_statements_2021_consolidated_extracted.txt,GEE,2021,consolidated
1,37a61be7aebde1fbcfe3aca42e6ba4ff37ae87bdd1a9ba6696506bcd188e7d1f,924d165211c63bbfc718b790f217ec356f80236e21fa0d8aa2acb497e186a5cf,doc_8ab2ee2d002acd608133139cda3d02552ab6b0262b444874a638b19b6dbb8931,GEE/2023/GEE_financial_statements_2023_consolidated/GEE_financial_statements_2023_consolidated_extracted.txt,GEE,2023,consolidated
1,37a61be7aebde1fbcfe3aca42e6ba4ff37ae87bdd1a9ba6696506bcd188e7d1f,924d165211c63bbfc718b790f217ec356f80236e21fa0d8aa2acb497e186a5cf,doc_093e3bb0526e15c46ba11ea083bab55cce91a16523a9a9965ca5dba89fe925ad,GEG/2016/GEG_financial_statements_2016_consolidated/GEG_financial_statements_2016_consolidated_extracted.txt,GEG,2016,consolidated
1,37a61be7aebde1fbcfe3aca42e6ba4ff37ae87bdd1a9ba6696506bcd188e7d1f,924d165211c63bbfc718b790f217ec356f80236e21fa0d8aa2acb497e186a5cf,doc_86c2d957c54b005f5a1abb24989594936750e3e3105373d8daa0244fc4404f85,GEG/2020/GEG_financial_statements_2020_separate/GEG_financial_statements_2020_separate_extracted.txt,GEG,2020,separate
1,37a61be7aebde1fbcfe3aca42e6ba4ff37ae87bdd1a9ba6696506bcd188e7d1f,924d165211c63bbfc718b790f217ec356f80236e21fa0d8aa2acb497e186a5cf,doc_5c04db88863e3f82be09ef80b120b0fcab9cf8736b8336f3860d5bbebcf58f77,GEG/2022/GEG_financial_statements_2022_consolidated/GEG_financial_statements_2022_consolidated_extracted.txt,GEG,2022,consolidated
1,37a61be7aebde1fbcfe3aca42e6ba4ff37ae87bdd1a9ba6696506bcd188e7d1f,924d165211c63bbfc718b790f217ec356f80236e21fa0d8aa2acb497e186a5cf,doc_8787ef5ce0651a133f520f289e631b6b8301e73154e8345c89cf7e01a504ec48,GEX/2016/GEX_financial_statements_2016_consolidated/GEX_financial_statements_2016_consolidated_extracted.txt,GEX,2016,consolidated
1,37a61be7aebde1fbcfe3aca42e6ba4ff37ae87bdd1a9ba6696506bcd188e7d1f,924d165211c63bbfc718b790f217ec356f80236e21fa0d8aa2acb497e186a5cf,doc_e03188737d522b3f088f991a1ec5fdc8e429e54c982784e51652d35ec5cc0073,GEX/2017/GEX_financial_statements_2017_consolidated/GEX_financial_statements_2017_consolidated_extracted.txt,GEX,2017,consolidated
1,37a61be7aebde1fbcfe3aca42e6ba4ff37ae87bdd1a9ba6696506bcd188e7d1f,924d165211c63bbfc718b790f217ec356f80236e21fa0d8aa2acb497e186a5cf,doc_3a7a16664bf624f15f5f746e733fc404c5c66450ef82556adc62329cc1bdcd11,GEX/2018/GEX_financial_statements_2018_separate/GEX_financial_statements_2018_separate_extracted.txt,GEX,2018,separate
1,37a61be7aebde1fbcfe3aca42e6ba4ff37ae87bdd1a9ba6696506bcd188e7d1f,924d165211c63bbfc718b790f217ec356f80236e21fa0d8aa2acb497e186a5cf,doc_f817eefacf9c3e67c5298f0fc09ac6e0276d74c2a640fc5b1adc20beb8b60a8e,HDB/2020/HDB_financial_statements_2020_separate/HDB_financial_statements_2020_separate_extracted.txt,HDB,2020,separate
1,37a61be7aebde1fbcfe3aca42e6ba4ff37ae87bdd1a9ba6696506bcd188e7d1f,924d165211c63bbfc718b790f217ec356f80236e21fa0d8aa2acb497e186a5cf,doc_43e277154b1ac89913b75cf6f8f71be85bdf8dcfe25335b06a9abf74779c6eb1,HDB/2022/HDB_financial_statements_2022_consolidated/HDB_financial_statements_2022_consolidated_extracted.txt,HDB,2022,consolidated
1,37a61be7aebde1fbcfe3aca42e6ba4ff37ae87bdd1a9ba6696506bcd188e7d1f,924d165211c63bbfc718b790f217ec356f80236e21fa0d8aa2acb497e186a5cf,doc_6d7b1237705b40aa68af09efd36e495197bd346378d32d84068dea4543b35bd2,HDB/2023/HDB_financial_statements_2023_separate_2/HDB_financial_statements_2023_separate_2_extracted.txt,HDB,2023,separate
1,37a61be7aebde1fbcfe3aca42e6ba4ff37ae87bdd1a9ba6696506bcd188e7d1f,924d165211c63bbfc718b790f217ec356f80236e21fa0d8aa2acb497e186a5cf,doc_82757cff70c283e922eb5c48e767f9bc00696462c0c2412c931f2d8c4d1cf76f,HDG/2016/HDG_financial_statements_2016_consolidated/HDG_financial_statements_2016_consolidated_extracted.txt,HDG,2016,consolidated
1,37a61be7aebde1fbcfe3aca42e6ba4ff37ae87bdd1a9ba6696506bcd188e7d1f,924d165211c63bbfc718b790f217ec356f80236e21fa0d8aa2acb497e186a5cf,doc_ae1c28cdaca163c456724c253744cbd0a4c6c5432c845a1d0eb52f02057eb1ee,HDG/2017/HDG_financial_statements_2017_separate/HDG_financial_statements_2017_separate_extracted.txt,HDG,2017,separate
1,37a61be7aebde1fbcfe3aca42e6ba4ff37ae87bdd1a9ba6696506bcd188e7d1f,924d165211c63bbfc718b790f217ec356f80236e21fa0d8aa2acb497e186a5cf,doc_ebbe87c5dd6255704ae6a5dd3db13314185e392cdc1099a1a53de11add8b43d0,HDG/2019/HDG_financial_statements_2019_separate/HDG_financial_statements_2019_separate_extracted.txt,HDG,2019,separate
1,37a61be7aebde1fbcfe3aca42e6ba4ff37ae87bdd1a9ba6696506bcd188e7d1f,924d165211c63bbfc718b790f217ec356f80236e21fa0d8aa2acb497e186a5cf,doc_7da3d76db147cb080f6f14a63989eb228c7cbab30405a30a834613aec3a97303,HPX/2022/HPX_financial_statements_2022_consolidated/HPX_financial_statements_2022_consolidated_extracted.txt,HPX,2022,consolidated
1,37a61be7aebde1fbcfe3aca42e6ba4ff37ae87bdd1a9ba6696506bcd188e7d1f,924d165211c63bbfc718b790f217ec356f80236e21fa0d8aa2acb497e186a5cf,doc_ed7907043d932bcbe0f702ca19d94d2bce2ec8f3b99be10f85504ad53d8ac0eb,HPX/2022/HPX_financial_statements_2022_separate/HPX_financial_statements_2022_separate_extracted.txt,HPX,2022,separate
1,37a61be7aebde1fbcfe3aca42e6ba4ff37ae87bdd1a9ba6696506bcd188e7d1f,924d165211c63bbfc718b790f217ec356f80236e21fa0d8aa2acb497e186a5cf,doc_9ee6e61421f96651fd6c74165ffc1d38920e1e3be41a54ad10bcceeb4811b784,HPX/2024/HPX_financial_statements_2024_separate/HPX_financial_statements_2024_separate_extracted.txt,HPX,2024,separate
1,37a61be7aebde1fbcfe3aca42e6ba4ff37ae87bdd1a9ba6696506bcd188e7d1f,924d165211c63bbfc718b790f217ec356f80236e21fa0d8aa2acb497e186a5cf,doc_11f4c95ef793da898aa63db21c4c671cddca9f952887f64b5a128b64cbd467a3,HSG/2016/HSG_financial_statements_2016_consolidated/HSG_financial_statements_2016_consolidated_extracted.txt,HSG,2016,consolidated
1,37a61be7aebde1fbcfe3aca42e6ba4ff37ae87bdd1a9ba6696506bcd188e7d1f,924d165211c63bbfc718b790f217ec356f80236e21fa0d8aa2acb497e186a5cf,doc_f808747ee56e200b3e408baa6e430cb1c248a76adf202f09447a33b03a8671c9,HSG/2017/HSG_financial_statements_2017_separate/HSG_financial_statements_2017_separate_extracted.txt,HSG,2017,separate
1,37a61be7aebde1fbcfe3aca42e6ba4ff37ae87bdd1a9ba6696506bcd188e7d1f,924d165211c63bbfc718b790f217ec356f80236e21fa0d8aa2acb497e186a5cf,doc_51efe6abae9d0bdf8f0c0ace48af42cf05d999a0d222f93563d71534f3e2dc23,HSG/2025/HSG_financial_statements_2025_consolidated/HSG_financial_statements_2025_consolidated_extracted.txt,HSG,2025,consolidated
1,37a61be7aebde1fbcfe3aca42e6ba4ff37ae87bdd1a9ba6696506bcd188e7d1f,924d165211c63bbfc718b790f217ec356f80236e21fa0d8aa2acb497e186a5cf,doc_945525431af814f87b50e484b5db5e1f8408aabcc163d3657cc93d423a9ab107,IJC/2017/IJC_financial_statements_2017_consolidated/IJC_financial_statements_2017_consolidated_extracted.txt,IJC,2017,consolidated
1,37a61be7aebde1fbcfe3aca42e6ba4ff37ae87bdd1a9ba6696506bcd188e7d1f,924d165211c63bbfc718b790f217ec356f80236e21fa0d8aa2acb497e186a5cf,doc_1c9c473cfa58482e1ef452e5092999b2792fec285a1ad45681cd4354c37f4976,IJC/2017/IJC_financial_statements_2017_separate/IJC_financial_statements_2017_separate_extracted.txt,IJC,2017,separate
1,37a61be7aebde1fbcfe3aca42e6ba4ff37ae87bdd1a9ba6696506bcd188e7d1f,924d165211c63bbfc718b790f217ec356f80236e21fa0d8aa2acb497e186a5cf,doc_3b110f53f97b95631878b80740eae6ebebecfea085cbc0a5876f4fb043eb347a,IJC/2024/IJC_financial_statements_2024_separate/IJC_financial_statements_2024_separate_extracted.txt,IJC,2024,separate
1,37a61be7aebde1fbcfe3aca42e6ba4ff37ae87bdd1a9ba6696506bcd188e7d1f,924d165211c63bbfc718b790f217ec356f80236e21fa0d8aa2acb497e186a5cf,doc_84e86cd28ab369f774990100708075260234b13291343f4167817ec56c8dee88,KHG/2022/KHG_financial_statements_2022_separate/KHG_financial_statements_2022_separate_extracted.txt,KHG,2022,separate
1,37a61be7aebde1fbcfe3aca42e6ba4ff37ae87bdd1a9ba6696506bcd188e7d1f,924d165211c63bbfc718b790f217ec356f80236e21fa0d8aa2acb497e186a5cf,doc_eacbc7ceab65c68f8631b2cae1663c1390d55e5891ad8ce71ceb62ec0731249f,KHG/2023/KHG_financial_statements_2023_separate/KHG_financial_statements_2023_separate_extracted.txt,KHG,2023,separate
1,37a61be7aebde1fbcfe3aca42e6ba4ff37ae87bdd1a9ba6696506bcd188e7d1f,924d165211c63bbfc718b790f217ec356f80236e21fa0d8aa2acb497e186a5cf,doc_8b361682a82d810f2f99390249711b36a7fc12732e21fadf33495a491a3f7563,KHG/2025/KHG_financial_statements_2025_consolidated/KHG_financial_statements_2025_consolidated_extracted.txt,KHG,2025,consolidated
1,37a61be7aebde1fbcfe3aca42e6ba4ff37ae87bdd1a9ba6696506bcd188e7d1f,924d165211c63bbfc718b790f217ec356f80236e21fa0d8aa2acb497e186a5cf,doc_59b3e52b9aef6dd3fad9bff4017cf6e47739b7170535b8edfb84d13bce03dec7,MSB/2016/MSB_financial_statements_2016_consolidated/MSB_financial_statements_2016_consolidated_extracted.txt,MSB,2016,consolidated
1,37a61be7aebde1fbcfe3aca42e6ba4ff37ae87bdd1a9ba6696506bcd188e7d1f,924d165211c63bbfc718b790f217ec356f80236e21fa0d8aa2acb497e186a5cf,doc_8ebed1476b7b3ba922458a3413c71f2f8abad629fee9d46d7b2478dec40572ea,MSB/2017/MSB_financial_statements_2017_separate/MSB_financial_statements_2017_separate_extracted.txt,MSB,2017,separate
1,37a61be7aebde1fbcfe3aca42e6ba4ff37ae87bdd1a9ba6696506bcd188e7d1f,924d165211c63bbfc718b790f217ec356f80236e21fa0d8aa2acb497e186a5cf,doc_fcf7590fc2cb5abba93f1fa626117358810c32c0a7d8d9f3855a827a402938a1,MSB/2018/MSB_financial_statements_2018_consolidated/MSB_financial_statements_2018_consolidated_extracted.txt,MSB,2018,consolidated
1,37a61be7aebde1fbcfe3aca42e6ba4ff37ae87bdd1a9ba6696506bcd188e7d1f,924d165211c63bbfc718b790f217ec356f80236e21fa0d8aa2acb497e186a5cf,doc_dccc39b21de8ba012f81d9c22e2a8c9718d653e2c646ae3f57ac80f04faa6b30,MWG/2017/MWG_financial_statements_2017_consolidated/MWG_financial_statements_2017_consolidated_extracted.txt,MWG,2017,consolidated
1,37a61be7aebde1fbcfe3aca42e6ba4ff37ae87bdd1a9ba6696506bcd188e7d1f,924d165211c63bbfc718b790f217ec356f80236e21fa0d8aa2acb497e186a5cf,doc_34c9d8015b288a8c3cdaf89d6bf515e6211f103c8352afd68e39f0092ed2821b,MWG/2019/MWG_financial_statements_2019_consolidated/MWG_financial_statements_2019_consolidated_extracted.txt,MWG,2019,consolidated
1,37a61be7aebde1fbcfe3aca42e6ba4ff37ae87bdd1a9ba6696506bcd188e7d1f,924d165211c63bbfc718b790f217ec356f80236e21fa0d8aa2acb497e186a5cf,doc_ea1d8b3a94793217e17fd0de219275e178f5238c7aeeda6877c50105b2e9e8c4,MWG/2021/MWG_financial_statements_2021_separate/MWG_financial_statements_2021_separate_extracted.txt,MWG,2021,separate
1,37a61be7aebde1fbcfe3aca42e6ba4ff37ae87bdd1a9ba6696506bcd188e7d1f,924d165211c63bbfc718b790f217ec356f80236e21fa0d8aa2acb497e186a5cf,doc_cb4da33573560c14ae945c268c381f58382a06f827c78146b2018aec627d5f33,NLG/2020/NLG_financial_statements_2020_separate/NLG_financial_statements_2020_separate_extracted.txt,NLG,2020,separate
1,37a61be7aebde1fbcfe3aca42e6ba4ff37ae87bdd1a9ba6696506bcd188e7d1f,924d165211c63bbfc718b790f217ec356f80236e21fa0d8aa2acb497e186a5cf,doc_f204acc195a57df6f8838aba32bfcef5372e9bae45ec3b92420ec03d1fe759f0,NLG/2024/NLG_financial_statements_2024_consolidated/NLG_financial_statements_2024_consolidated_extracted.txt,NLG,2024,consolidated
1,37a61be7aebde1fbcfe3aca42e6ba4ff37ae87bdd1a9ba6696506bcd188e7d1f,924d165211c63bbfc718b790f217ec356f80236e21fa0d8aa2acb497e186a5cf,doc_4e83387e664068ed2108ed1ed1ea68c8c09f748712230f0a3a8ecd729690793a,NLG/2025/NLG_financial_statements_2025_consolidated/NLG_financial_statements_2025_consolidated_extracted.txt,NLG,2025,consolidated
1,37a61be7aebde1fbcfe3aca42e6ba4ff37ae87bdd1a9ba6696506bcd188e7d1f,924d165211c63bbfc718b790f217ec356f80236e21fa0d8aa2acb497e186a5cf,doc_465329a58fcb0391a6c29316d5566abbf5702ecda8bfc8c2c49e9e1b6b442409,PNJ/2016/PNJ_financial_statements_2016_separate/PNJ_financial_statements_2016_separate_extracted.txt,PNJ,2016,separate
1,37a61be7aebde1fbcfe3aca42e6ba4ff37ae87bdd1a9ba6696506bcd188e7d1f,924d165211c63bbfc718b790f217ec356f80236e21fa0d8aa2acb497e186a5cf,doc_5f7bb5ffa5810816fc979ee59dc6844988ef68b10f197a1fbe0f14904b7a3eb1,PNJ/2018/PNJ_financial_statements_2018_separate/PNJ_financial_statements_2018_separate_extracted.txt,PNJ,2018,separate
1,37a61be7aebde1fbcfe3aca42e6ba4ff37ae87bdd1a9ba6696506bcd188e7d1f,924d165211c63bbfc718b790f217ec356f80236e21fa0d8aa2acb497e186a5cf,doc_42376c624225d02956730a6af69b07e08f78cd7d5366b0f8be3e71ffa75269c5,PNJ/2020/PNJ_financial_statements_2020_consolidated/PNJ_financial_statements_2020_consolidated_extracted.txt,PNJ,2020,consolidated
1,37a61be7aebde1fbcfe3aca42e6ba4ff37ae87bdd1a9ba6696506bcd188e7d1f,924d165211c63bbfc718b790f217ec356f80236e21fa0d8aa2acb497e186a5cf,doc_3153a243f6b350ec4d0be841d2257bfc038dd94698a50c9fcc8a6d65090688b1,POW/2018/POW_financial_statements_2018_separate/POW_financial_statements_2018_separate_extracted.txt,POW,2018,separate
1,37a61be7aebde1fbcfe3aca42e6ba4ff37ae87bdd1a9ba6696506bcd188e7d1f,924d165211c63bbfc718b790f217ec356f80236e21fa0d8aa2acb497e186a5cf,doc_dda5d3da92f3bced79d40aea32f681f7386ee5e05eeaf84c9c79f3fb207868be,POW/2021/POW_financial_statements_2021_consolidated/POW_financial_statements_2021_consolidated_extracted.txt,POW,2021,consolidated
1,37a61be7aebde1fbcfe3aca42e6ba4ff37ae87bdd1a9ba6696506bcd188e7d1f,924d165211c63bbfc718b790f217ec356f80236e21fa0d8aa2acb497e186a5cf,doc_e4cffbe229c9df59a21e17be1aa356f0b16488b6815e8edf292b7a6f193683fc,POW/2023/POW_financial_statements_2023_consolidated/POW_financial_statements_2023_consolidated_extracted.txt,POW,2023,consolidated
1,37a61be7aebde1fbcfe3aca42e6ba4ff37ae87bdd1a9ba6696506bcd188e7d1f,924d165211c63bbfc718b790f217ec356f80236e21fa0d8aa2acb497e186a5cf,doc_09fe4f39e4c380fc780b81b00517af4ec7f4a9384ec31f2bc67ab57eee9808fd,VIC/2017/VIC_financial_statements_2017_separate/VIC_financial_statements_2017_separate_extracted.txt,VIC,2017,separate
1,37a61be7aebde1fbcfe3aca42e6ba4ff37ae87bdd1a9ba6696506bcd188e7d1f,924d165211c63bbfc718b790f217ec356f80236e21fa0d8aa2acb497e186a5cf,doc_c4448eb688566a57d045e47744f0c9d157bb6c107be05f9b463bcdc8dbd00f3a,VIC/2020/VIC_financial_statements_2020_consolidated/VIC_financial_statements_2020_consolidated_extracted.txt,VIC,2020,consolidated
1,37a61be7aebde1fbcfe3aca42e6ba4ff37ae87bdd1a9ba6696506bcd188e7d1f,924d165211c63bbfc718b790f217ec356f80236e21fa0d8aa2acb497e186a5cf,doc_b37401eec7dfb4bd86c11928a90cffd606fe280c8d6e7dd4c0e8536976c7979b,VIC/2022/VIC_financial_statements_2022_separate/VIC_financial_statements_2022_separate_extracted.txt,VIC,2022,separate
1,37a61be7aebde1fbcfe3aca42e6ba4ff37ae87bdd1a9ba6696506bcd188e7d1f,924d165211c63bbfc718b790f217ec356f80236e21fa0d8aa2acb497e186a5cf,doc_470441b55a427e05adaf3cd97407470af7cc60f7522557e9ffe4447c54f542ad,VSF/2017/VSF_financial_statements_2017_separate/VSF_financial_statements_2017_separate_extracted.txt,VSF,2017,separate
1,37a61be7aebde1fbcfe3aca42e6ba4ff37ae87bdd1a9ba6696506bcd188e7d1f,924d165211c63bbfc718b790f217ec356f80236e21fa0d8aa2acb497e186a5cf,doc_49ffb7824ef7cb8692836f2e87c1da03763fccdd9700e57026bafa599ad2246b,VSF/2020/VSF_financial_statements_2020_separate/VSF_financial_statements_2020_separate_extracted.txt,VSF,2020,separate
1,37a61be7aebde1fbcfe3aca42e6ba4ff37ae87bdd1a9ba6696506bcd188e7d1f,924d165211c63bbfc718b790f217ec356f80236e21fa0d8aa2acb497e186a5cf,doc_c6abaf23d7df797d2a10bcd1eab436045e51d656441f59d6b4bc189c09eac71e,VSF/2024/VSF_financial_statements_2024_consolidated/VSF_financial_statements_2024_consolidated_extracted.txt,VSF,2024,consolidated
